Stn Id,Stn Name,CIMIS Region,Date,Hour (PST),Jul,ETo (in),Precip (in),Sol Rad (Ly/day),Vap Pres (mBars),Air Temp (F),Rel Hum (%),Dew Point (F),Wind Speed (mph),Wind Dir (0-360),Soil Temp (F)
78,Pomona,Los Angeles Basin,11/1/2019,100,305,0,0,0,4.5,47.7,39,24.3,2.6,46,59.4
78,Pomona,Los Angeles Basin,11/1/2019,200,305,0,0,0,4.4,49.1,37,24,2.8,47,59.3
78,Pomona,Los Angeles Basin,11/1/2019,300,305,0,0,0,6.1,44.7,61,32.1,3,33,58.8
78,Pomona,Los Angeles Basin,11/1/2019,400,305,0,0,0,4.5,45.2,44,24.6,4,29,57.5
78,Pomona,Los Angeles Basin,11/1/2019,500,305,0,0,0,4.1,47.3,37,22.2,3,26,57.4
78,Pomona,Los Angeles Basin,11/1/2019,600,305,0,0,0,3.4,45.7,32,17.7,3.1,12,57.5
78,Pomona,Los Angeles Basin,11/1/2019,700,305,0,0,66,3.2,45,31,16.6,3.2,17,57.5
78,Pomona,Los Angeles Basin,11/1/2019,800,305,0,0,471,3.5,52.7,26,18.9,3.9,35,57.4
78,Pomona,Los Angeles Basin,11/1/2019,900,305,0.01,0,891,3,60.5,17,15.2,3.4,37,57.4
78,Pomona,Los Angeles Basin,11/1/2019,1000,305,0.01,0,1228,3,66.3,14,15.2,3.9,51,57.3
78,Pomona,Los Angeles Basin,11/1/2019,1100,305,0.02,0,1446,2.7,71.7,10,13,3.2,61,57.2
78,Pomona,Los Angeles Basin,11/1/2019,1200,305,0.02,0,1532,2.8,75.6,9,13.1,2.9,79,57.2
78,Pomona,Los Angeles Basin,11/1/2019,1300,305,0.02,0,1479,3.1,78.3,9,15.5,3.5,45,57.2
78,Pomona,Los Angeles Basin,11/1/2019,1400,305,0.02,0,1290,2.9,81,8,14.4,3.7,348,57.2
78,Pomona,Los Angeles Basin,11/1/2019,1500,305,0.01,0,987,3.1,82.7,8,15.9,3.7,321,57.3
78,Pomona,Los Angeles Basin,11/1/2019,1600,305,0.01,0,579,3.5,80.9,10,18.4,3.4,265,57.5
78,Pomona,Los Angeles Basin,11/1/2019,1700,305,0,0,161,3.5,76,11,18.7,2.1,259,57.7
78,Pomona,Los Angeles Basin,11/1/2019,1800,305,0,0,2,5.4,63,28,29,1.5,345,57.9
78,Pomona,Los Angeles Basin,11/1/2019,1900,305,0,0,0,6.8,57.4,42,34.6,1.1,27,58.1
78,Pomona,Los Angeles Basin,11/1/2019,2000,305,0,0,1,7.2,53.7,51,36.2,1,33,58.2
78,Pomona,Los Angeles Basin,11/1/2019,2100,305,0,0,0,7.2,51.4,55,35.9,1,23,58.3
78,Pomona,Los Angeles Basin,11/1/2019,2200,305,0,0,0,7.3,49.9,60,36.6,1.4,31,58.4
78,Pomona,Los Angeles Basin,11/1/2019,2300,305,0,0.02,0,7,47.4,62,35.3,1.7,20,58.4
78,Pomona,Los Angeles Basin,11/1/2019,2400,305,0,0,0,6,47.1,55,31.7,1.6,15,58.3
78,Pomona,Los Angeles Basin,11/2/2019,100,306,0,0,0,5.1,47.2,46,27.5,2,14,58.3
78,Pomona,Los Angeles Basin,11/2/2019,200,306,0,0,0,5.1,45.6,48,27.3,2,32,58.2
78,Pomona,Los Angeles Basin,11/2/2019,300,306,0,0,0,4.2,47.6,37,22.8,1.7,10,58.2
78,Pomona,Los Angeles Basin,11/2/2019,400,306,0,0,0,4.1,46.6,38,22.5,1.1,3,58.1
78,Pomona,Los Angeles Basin,11/2/2019,500,306,0,0,0,4.2,46,40,22.8,1.5,4,58
78,Pomona,Los Angeles Basin,11/2/2019,600,306,0,0,0,4,47.3,36,22,1.9,4,57.8
78,Pomona,Los Angeles Basin,11/2/2019,700,306,0,0,24,4.5,46.9,41,24.4,3,24,57.7
78,Pomona,Los Angeles Basin,11/2/2019,800,306,0,0,284,5.4,50.9,42,28.8,2.3,21,57.6
78,Pomona,Los Angeles Basin,11/2/2019,900,306,0.01,0,805,4.6,66,21,25.2,2.7,56,57.6
78,Pomona,Los Angeles Basin,11/2/2019,1000,306,0.01,0,1269,3.6,73,13,19.3,3.3,50,57.4
78,Pomona,Los Angeles Basin,11/2/2019,1100,306,0.02,0,1428,3.2,76.5,10,16.5,3.1,45,57.3
78,Pomona,Los Angeles Basin,11/2/2019,1200,306,0.02,0,1379,3.1,80.4,9,15.6,3.3,112,57.3
78,Pomona,Los Angeles Basin,11/2/2019,1300,306,0.01,0,874,3.8,80.5,11,20.4,2.7,32,57.3
78,Pomona,Los Angeles Basin,11/2/2019,1400,306,0.01,0,773,3.6,81.8,10,19,2.5,314,57.4
78,Pomona,Los Angeles Basin,11/2/2019,1500,306,0.01,0,604,3.6,81.5,10,19.5,3.1,276,57.5
78,Pomona,Los Angeles Basin,11/2/2019,1600,306,0,0,202,4.1,77.2,13,22.3,2.8,243,57.7
78,Pomona,Los Angeles Basin,11/2/2019,1700,306,0,0,137,4.8,74.1,17,26.3,2.1,227,57.8
78,Pomona,Los Angeles Basin,11/2/2019,1800,306,0,0,5,5.7,66.3,26,30.2,1.4,218,58
78,Pomona,Los Angeles Basin,11/2/2019,1900,306,0,0,0,6.7,58.5,40,34.4,1.2,43,58.1
78,Pomona,Los Angeles Basin,11/2/2019,2000,306,0,0,1,6.8,55,46,34.5,1.2,35,58.2
78,Pomona,Los Angeles Basin,11/2/2019,2100,306,0,0,0,6.6,52,50,33.7,1.1,33,58.3
78,Pomona,Los Angeles Basin,11/2/2019,2200,306,0,0,0,6.5,49.9,53,33.5,1,27,58.4
78,Pomona,Los Angeles Basin,11/2/2019,2300,306,0,0,0,6.7,48.5,58,34.4,1,48,58.4
78,Pomona,Los Angeles Basin,11/2/2019,2400,306,0,0,0,6.6,47,60,34,1.4,8,58.4
78,Pomona,Los Angeles Basin,11/3/2019,100,307,0,0,0,5.8,49,49,30.5,1.7,7,58.3
78,Pomona,Los Angeles Basin,11/3/2019,200,307,0,0,0,5.6,49.6,46,30,1.6,4,58.2
78,Pomona,Los Angeles Basin,11/3/2019,300,307,0,0,0,6.3,52.8,46,32.6,3.6,13,57.8
78,Pomona,Los Angeles Basin,11/3/2019,400,307,0,0,0,5.2,54.1,36,28,3.8,25,56.7
78,Pomona,Los Angeles Basin,11/3/2019,500,307,0,0,0,5.3,53.2,38,28.4,3.7,11,56.6
78,Pomona,Los Angeles Basin,11/3/2019,600,307,0,0,0,5,51.3,39,27.2,3.1,358,56.8
78,Pomona,Los Angeles Basin,11/3/2019,700,307,0,0,51,4.6,52.8,34,25,3.4,14,56.8
78,Pomona,Los Angeles Basin,11/3/2019,800,307,0,0,426,4.9,57.4,30,26.4,4.6,18,56.8
78,Pomona,Los Angeles Basin,11/3/2019,900,307,0.01,0,832,5,61.9,26,27.1,5,34,56.8
78,Pomona,Los Angeles Basin,11/3/2019,1000,307,0.01,0,1156,5.3,67.8,23,28.4,3.9,55,56.8
78,Pomona,Los Angeles Basin,11/3/2019,1100,307,0.02,0,1367,4.6,74.4,16,25,3.1,84,56.8
78,Pomona,Los Angeles Basin,11/3/2019,1200,307,0.02,0,1455,4.7,78.6,14,25.8,3.5,225,56.8
78,Pomona,Los Angeles Basin,11/3/2019,1300,307,0.02,0,1408,4.6,79.5,13,24.8,4.9,226,56.8
78,Pomona,Los Angeles Basin,11/3/2019,1400,307,0.02,0,1220,5.3,80,15,28.7,5.3,242,56.9
78,Pomona,Los Angeles Basin,11/3/2019,1500,307,0.01,0,919,5.1,79.2,15,27.3,6,241,57.1
78,Pomona,Los Angeles Basin,11/3/2019,1600,307,0.01,0,499,6.1,77.4,19,31.9,5.5,236,57.3
78,Pomona,Los Angeles Basin,11/3/2019,1700,307,0,0,118,9.9,72.8,36,44.3,4.3,229,57.5
78,Pomona,Los Angeles Basin,11/3/2019,1800,307,0,0,2,8.4,66.4,38,39.9,1.2,281,57.7
78,Pomona,Los Angeles Basin,11/3/2019,1900,307,0,0,0,7.8,60.6,43,38,1.1,200,57.9
78,Pomona,Los Angeles Basin,11/3/2019,2000,307,0,0,1,8.4,56,55,40.2,1,17,58
78,Pomona,Los Angeles Basin,11/3/2019,2100,307,0,0,0,8.4,52.9,61,40,1,11,58.1
78,Pomona,Los Angeles Basin,11/3/2019,2200,307,0,0,0,8.2,52,62,39.5,1.6,14,58.2
78,Pomona,Los Angeles Basin,11/3/2019,2300,307,0,0.03,0,8.8,51.2,68,41.2,1.7,3,58.2
78,Pomona,Los Angeles Basin,11/3/2019,2400,307,0,0,0,7.3,52.6,54,36.3,2.5,8,58.2
78,Pomona,Los Angeles Basin,11/4/2019,100,308,0,0,0,7.2,50.1,58,36,1,31,58.2
78,Pomona,Los Angeles Basin,11/4/2019,200,308,0,0,0,7.3,49.1,61,36.4,1.5,40,58.1
78,Pomona,Los Angeles Basin,11/4/2019,300,308,0,0,0,7,50.6,56,35.4,2.9,11,58.1
78,Pomona,Los Angeles Basin,11/4/2019,400,308,0,0,0,6.7,51.1,52,34.2,3.6,5,58
78,Pomona,Los Angeles Basin,11/4/2019,500,308,0,0,0,6.1,51.4,47,32.1,3.7,9,57.9
78,Pomona,Los Angeles Basin,11/4/2019,600,308,0,0,0,5.9,52.8,43,31,3.4,23,57.8
78,Pomona,Los Angeles Basin,11/4/2019,700,308,0,0,45,6,51.5,46,31.4,3.3,14,57.7
78,Pomona,Los Angeles Basin,11/4/2019,800,308,0,0,401,6.8,55.7,45,34.6,4.3,28,57.6
78,Pomona,Los Angeles Basin,11/4/2019,900,308,0.01,0,796,6.5,61.1,35,33.4,5,56,57.5
78,Pomona,Los Angeles Basin,11/4/2019,1000,308,0.01,0,1140,6.1,67.5,27,32.1,5.4,63,57.4
78,Pomona,Los Angeles Basin,11/4/2019,1100,308,0.02,0,1356,5.7,74,20,30.2,4.1,57,57.3
78,Pomona,Los Angeles Basin,11/4/2019,1200,308,0.02,0,1446,5,79.8,14,26.9,2,336,57.3
78,Pomona,Los Angeles Basin,11/4/2019,1300,308,0.02,0,1396,5.8,82,15,30.5,4,226,57.3
78,Pomona,Los Angeles Basin,11/4/2019,1400,308,0.02,0,1210,5.4,82.1,14,29.1,5.4,284,57.4
78,Pomona,Los Angeles Basin,11/4/2019,1500,308,0.01,0,896,5.4,81.7,15,29,5.4,296,57.5
78,Pomona,Los Angeles Basin,11/4/2019,1600,308,0.01,0,503,5.1,80.8,14,27.8,4.4,265,57.6
78,Pomona,Los Angeles Basin,11/4/2019,1700,308,0,0,118,8.5,74.8,29,40.4,4.4,269,57.8
78,Pomona,Los Angeles Basin,11/4/2019,1800,308,0,0,2,8.5,67.1,38,40.5,2,267,58
78,Pomona,Los Angeles Basin,11/4/2019,1900,308,0,0,0,8.3,61.8,44,39.8,1.5,292,58.1
78,Pomona,Los Angeles Basin,11/4/2019,2000,308,0,0,1,8.9,57.4,55,41.5,1,51,58.3
78,Pomona,Los Angeles Basin,11/4/2019,2100,308,0,0,0,9.7,54.2,68,43.7,1.2,17,58.3
78,Pomona,Los Angeles Basin,11/4/2019,2200,308,0,0,0,9.4,52.2,71,43,1.1,28,58.4
78,Pomona,Los Angeles Basin,11/4/2019,2300,308,0,0,0,9.3,51.3,72,42.5,1.6,359,58.4
78,Pomona,Los Angeles Basin,11/4/2019,2400,308,0,0,0,9.8,50.5,78,43.9,1.8,7,58.4
78,Pomona,Los Angeles Basin,11/5/2019,100,309,0,0,0,9.3,49.8,77,42.7,1.5,13,58.3
78,Pomona,Los Angeles Basin,11/5/2019,200,309,0,0,0,9.4,48.9,80,42.8,1.3,10,58.3
78,Pomona,Los Angeles Basin,11/5/2019,300,309,0,0,0,9,48.1,79,41.9,1.1,28,58.2
78,Pomona,Los Angeles Basin,11/5/2019,400,309,0,0,0,8.5,47.4,76,40.4,1.7,353,58.1
78,Pomona,Los Angeles Basin,11/5/2019,500,309,0,0,0,8.7,49.8,72,41,2.5,19,58
78,Pomona,Los Angeles Basin,11/5/2019,600,309,0,0,0,8,52.9,58,38.7,3.3,28,57.9
78,Pomona,Los Angeles Basin,11/5/2019,700,309,0,0,39,8.1,53.2,58,39,3.5,10,57.8
78,Pomona,Los Angeles Basin,11/5/2019,800,309,0,0,391,8.2,57.7,50,39.4,4.9,14,57.7
78,Pomona,Los Angeles Basin,11/5/2019,900,309,0.01,0,781,7.8,63.1,39,38.1,4.6,49,57.6
78,Pomona,Los Angeles Basin,11/5/2019,1000,309,0.01,0,1122,7.9,70.4,31,38.4,3.3,60,57.5
78,Pomona,Los Angeles Basin,11/5/2019,1100,309,0.02,0,1344,6.6,78.7,20,33.9,3,72,57.5
78,Pomona,Los Angeles Basin,11/5/2019,1200,309,0.02,0,1423,6.6,82.6,17,33.7,3.5,233,57.4
78,Pomona,Los Angeles Basin,11/5/2019,1300,309,0.02,0,1346,7.7,82.2,20,37.6,5.4,287,57.4
78,Pomona,Los Angeles Basin,11/5/2019,1400,309,0.02,0,1174,6.8,82.6,18,34.8,5.3,286,57.5
78,Pomona,Los Angeles Basin,11/5/2019,1500,309,0.01,0,846,9,81.7,24,41.8,5.7,232,57.7
78,Pomona,Los Angeles Basin,11/5/2019,1600,309,0.01,0,457,10.8,80.1,31,46.5,4.5,229,57.8
78,Pomona,Los Angeles Basin,11/5/2019,1700,309,0,0,110,11.9,76.3,38,49.1,3.1,255,58
78,Pomona,Los Angeles Basin,11/5/2019,1800,309,0,0,1,10.2,70,41,45,2.7,271,58.2
78,Pomona,Los Angeles Basin,11/5/2019,1900,309,0,0,0,8.8,65.4,41,41.3,1.9,250,58.4
78,Pomona,Los Angeles Basin,11/5/2019,2000,309,0,0,0,8.6,61.8,45,40.5,1.8,259,58.5
78,Pomona,Los Angeles Basin,11/5/2019,2100,309,0,0,1,8.9,56.3,58,41.6,1.4,19,58.6
78,Pomona,Los Angeles Basin,11/5/2019,2200,309,0,0,0,9,54.2,63,41.8,1.2,63,58.7
78,Pomona,Los Angeles Basin,11/5/2019,2300,309,0,0,0,9.1,52.5,68,42.1,1.4,42,58.7
78,Pomona,Los Angeles Basin,11/5/2019,2400,309,0,0,0,9.4,50.9,74,43,1.4,44,58.7
78,Pomona,Los Angeles Basin,11/6/2019,100,310,0,0,0,9.4,49.9,77,42.9,1.4,23,58.7
78,Pomona,Los Angeles Basin,11/6/2019,200,310,0,0,0,9.5,49.8,78,43.3,1.2,88,58.6
78,Pomona,Los Angeles Basin,11/6/2019,300,310,0,0,0,11.1,51,87,47.2,1.2,32,58.3
78,Pomona,Los Angeles Basin,11/6/2019,400,310,0,0.01,0,9.9,47.7,88,44.2,1,47,57.7
78,Pomona,Los Angeles Basin,11/6/2019,500,310,0,0,0,9.7,47.1,88,43.8,1,33,57.7
78,Pomona,Los Angeles Basin,11/6/2019,600,310,0,0,0,9.4,46.4,88,43,1.1,42,57.7
78,Pomona,Los Angeles Basin,11/6/2019,700,310,0,0,36,9.6,47,88,43.6,1.1,31,57.7
78,Pomona,Los Angeles Basin,11/6/2019,800,310,0,0,371,11.5,53.5,82,48.2,1.4,191,57.7
78,Pomona,Los Angeles Basin,11/6/2019,900,310,0.01,0,752,11.7,62.9,60,48.6,2.1,185,57.7
78,Pomona,Los Angeles Basin,11/6/2019,1000,310,0.01,0,1084,11.9,68.4,50,49,3.5,208,57.7
78,Pomona,Los Angeles Basin,11/6/2019,1100,310,0.02,0,1296,13.4,71.1,52,52.4,5.1,224,57.6
78,Pomona,Los Angeles Basin,11/6/2019,1200,310,0.02,0,1362,14,72.4,52,53.6,5.4,255,57.6
78,Pomona,Los Angeles Basin,11/6/2019,1300,310,0.02,0,1318,14.6,72.4,54,54.6,5.3,280,57.6
78,Pomona,Los Angeles Basin,11/6/2019,1400,310,0.01,0,1130,14.6,73.1,53,54.7,5.2,289,57.7
78,Pomona,Los Angeles Basin,11/6/2019,1500,310,0.01,0,833,14.2,74,50,53.9,5.1,276,57.8
78,Pomona,Los Angeles Basin,11/6/2019,1600,310,0.01,0,450,14.1,73.1,51,53.8,4.6,254,58
78,Pomona,Los Angeles Basin,11/6/2019,1700,310,0,0,105,14.4,69.4,59,54.4,4.2,236,58.2
78,Pomona,Los Angeles Basin,11/6/2019,1800,310,0,0,2,14.2,64.7,68,53.9,3.9,236,58.4
78,Pomona,Los Angeles Basin,11/6/2019,1900,310,0,0,1,14.2,61.5,76,54,1.7,236,58.5
78,Pomona,Los Angeles Basin,11/6/2019,2000,310,0,0,1,14.1,58.8,83,53.7,1.1,206,58.7
78,Pomona,Los Angeles Basin,11/6/2019,2100,310,0,0,0,14.6,58,89,54.6,2.1,216,58.8
78,Pomona,Los Angeles Basin,11/6/2019,2200,310,0,0,0,15,57.6,93,55.5,2.4,209,58.9
78,Pomona,Los Angeles Basin,11/6/2019,2300,310,0,0,0,15.1,57.1,95,55.7,2.3,209,58.9
78,Pomona,Los Angeles Basin,11/6/2019,2400,310,0,0,0,15.4,57.1,96,56.1,2.3,246,58.9
78,Pomona,Los Angeles Basin,11/7/2019,100,311,0,0,1,15.3,56.7,97,55.9,2.3,262,58.9
78,Pomona,Los Angeles Basin,11/7/2019,200,311,0,0,0,15.2,56.4,98,55.8,1.9,310,58.9
78,Pomona,Los Angeles Basin,11/7/2019,300,311,0,0,0,14.8,55.8,98,55.1,1.7,43,58.9
78,Pomona,Los Angeles Basin,11/7/2019,400,311,0,0,0,14.4,54.7,98,54.3,3.4,57,58.9
78,Pomona,Los Angeles Basin,11/7/2019,500,311,0,0,0,14,53.8,99,53.5,4,23,58.9
78,Pomona,Los Angeles Basin,11/7/2019,600,311,0,0,0,14,53.7,100,53.6,4.1,21,58.9
78,Pomona,Los Angeles Basin,11/7/2019,700,311,0,0,23,14.1,53.8,100,53.8,2.3,344,58.8
78,Pomona,Los Angeles Basin,11/7/2019,800,311,0,0,190,14.3,54.1,100,54.1,1.4,117,58.8
78,Pomona,Los Angeles Basin,11/7/2019,900,311,0.01,0,733,15.7,56.9,99,56.6,1.9,50,58.8
78,Pomona,Los Angeles Basin,11/7/2019,1000,311,0.01,0,1072,14.6,63.3,73,54.7,3.7,64,58.8
78,Pomona,Los Angeles Basin,11/7/2019,1100,311,0.02,0,1298,13.4,70.7,52,52.3,3.1,52,58.8
78,Pomona,Los Angeles Basin,11/7/2019,1200,311,0.02,0,1382,11,77.2,35,47.1,2.3,271,58.9
78,Pomona,Los Angeles Basin,11/7/2019,1300,311,0.02,0,1301,14.8,77.6,46,55.1,5.6,267,58.9
78,Pomona,Los Angeles Basin,11/7/2019,1400,311,0.02,0,1140,11.6,78,35,48.4,5.2,292,59
78,Pomona,Los Angeles Basin,11/7/2019,1500,311,0.01,0,853,11.2,79.1,33,47.4,4.7,296,59.1
78,Pomona,Los Angeles Basin,11/7/2019,1600,311,0.01,0,459,11.5,77.8,35,48.3,4.6,296,59.3
78,Pomona,Los Angeles Basin,11/7/2019,1700,311,0,0,97,12.8,74,45,51.1,3.3,288,59.4
78,Pomona,Los Angeles Basin,11/7/2019,1800,311,0,0,1,13.6,68.7,57,52.7,1.9,252,59.6
78,Pomona,Los Angeles Basin,11/7/2019,1900,311,0,0,0,13.8,63.7,68,53.2,1,61,59.7
78,Pomona,Los Angeles Basin,11/7/2019,2000,311,0,0,1,13.9,60.1,78,53.3,1.2,20,59.8
78,Pomona,Los Angeles Basin,11/7/2019,2100,311,0,0,1,14,58.3,84,53.5,1.3,338,59.9
78,Pomona,Los Angeles Basin,11/7/2019,2200,311,0,0,0,14.1,58,86,53.7,2.3,9,60
78,Pomona,Los Angeles Basin,11/7/2019,2300,311,0,0,0,14.3,61.4,77,54.2,3.3,30,60
78,Pomona,Los Angeles Basin,11/7/2019,2400,311,0,0,0,13,57.1,81,51.4,1.5,37,59.9
78,Pomona,Los Angeles Basin,11/8/2019,100,312,0,0,0,12.3,53.3,89,50,1.2,22,59.9
78,Pomona,Los Angeles Basin,11/8/2019,200,312,0,0,0,11.8,51.7,90,48.9,2.3,22,59.8
78,Pomona,Los Angeles Basin,11/8/2019,300,312,0,0,0,11.4,53.3,82,47.9,2.9,28,59.7
78,Pomona,Los Angeles Basin,11/8/2019,400,312,0,0,0,9.6,56.3,62,43.5,3.9,16,59.2
78,Pomona,Los Angeles Basin,11/8/2019,500,312,0,0,0,9.9,56,64,44.2,4.1,11,59.2
78,Pomona,Los Angeles Basin,11/8/2019,600,312,0,0,0,9.6,56.6,62,43.5,4,5,59.2
78,Pomona,Los Angeles Basin,11/8/2019,700,312,0,0,31,9.2,56.4,59,42.3,4.4,12,59.2
78,Pomona,Los Angeles Basin,11/8/2019,800,312,0,0,374,9.5,61.1,52,43.3,3.1,30,59.2
78,Pomona,Los Angeles Basin,11/8/2019,900,312,0.01,0,768,9.5,66,43,43.2,4.7,37,59.2
78,Pomona,Los Angeles Basin,11/8/2019,1000,312,0.01,0,1099,8.5,72.8,31,40.3,4.1,50,59.1
78,Pomona,Los Angeles Basin,11/8/2019,1100,312,0.02,0,1313,6.9,79.5,20,35,3.2,49,59.1
78,Pomona,Los Angeles Basin,11/8/2019,1200,312,0.02,0,1399,6.9,83.7,18,35.1,2.7,1,59.1
78,Pomona,Los Angeles Basin,11/8/2019,1300,312,0.02,0,1347,7.2,87.1,16,36.2,3,295,59.1
78,Pomona,Los Angeles Basin,11/8/2019,1400,312,0.02,0,1158,7.5,87,17,37.3,4.7,300,59.2
78,Pomona,Los Angeles Basin,11/8/2019,1500,312,0.01,0,860,7.4,87.2,17,36.9,4,291,59.3
78,Pomona,Los Angeles Basin,11/8/2019,1600,312,0.01,0,469,7.8,85,19,38.1,4.7,292,59.5
78,Pomona,Los Angeles Basin,11/8/2019,1700,312,0,0,108,8.8,80.2,25,41.1,4.6,294,59.6
78,Pomona,Los Angeles Basin,11/8/2019,1800,312,0,0,1,8.4,73,30,39.9,1.2,302,59.8
78,Pomona,Los Angeles Basin,11/8/2019,1900,312,0,0,0,8.9,66.3,40,41.5,2.3,56,60
78,Pomona,Los Angeles Basin,11/8/2019,2000,312,0,0,0,8.9,61.6,48,41.6,1.5,355,60.1
78,Pomona,Los Angeles Basin,11/8/2019,2100,312,0,0,2,9.3,59,54,42.5,1.2,22,60.2
78,Pomona,Los Angeles Basin,11/8/2019,2200,312,0,0,1,9.5,58.2,57,43.2,1.4,25,60.3
78,Pomona,Los Angeles Basin,11/8/2019,2300,312,0,0.03,0,9.3,56.3,60,42.8,1.7,357,60.3
78,Pomona,Los Angeles Basin,11/8/2019,2400,312,0,0,0,8.5,57.2,53,40.2,2.7,9,60.3
78,Pomona,Los Angeles Basin,11/9/2019,100,313,0,0,0,7.4,56.8,47,36.7,2.9,1,60.2
78,Pomona,Los Angeles Basin,11/9/2019,200,313,0,0,0,7.3,55.2,49,36.3,2,17,60.2
78,Pomona,Los Angeles Basin,11/9/2019,300,313,0,0,0,6.8,55.8,45,34.7,3.4,11,60.1
78,Pomona,Los Angeles Basin,11/9/2019,400,313,0,0,0,6.4,55.5,43,33.1,3.8,359,60
78,Pomona,Los Angeles Basin,11/9/2019,500,313,0,0,0,5.8,58.3,35,30.8,3.5,15,59.9
78,Pomona,Los Angeles Basin,11/9/2019,600,313,0,0,0,5.6,56.7,35,29.7,4.5,1,59.8
78,Pomona,Los Angeles Basin,11/9/2019,700,313,0,0,29,5.1,60.2,29,27.7,4.5,26,59.7
78,Pomona,Los Angeles Basin,11/9/2019,800,313,0,0,378,6,62.3,31,31.6,4.3,22,59.6
78,Pomona,Los Angeles Basin,11/9/2019,900,313,0.01,0,770,6.3,67.7,27,32.7,5,50,59.5
78,Pomona,Los Angeles Basin,11/9/2019,1000,313,0.01,0,1096,6.3,73.9,22,32.6,5.1,58,59.4
78,Pomona,Los Angeles Basin,11/9/2019,1100,313,0.02,0,1315,5.9,80.5,17,31.2,3.5,60,59.3
78,Pomona,Los Angeles Basin,11/9/2019,1200,313,0.02,0,1405,5.8,85.8,14,30.6,2.4,358,59.2
78,Pomona,Los Angeles Basin,11/9/2019,1300,313,0.02,0,1354,6,87.1,14,31.4,4.6,304,59.2
78,Pomona,Los Angeles Basin,11/9/2019,1400,313,0.02,0,1023,5.8,86.4,14,30.9,5.6,294,59.3
78,Pomona,Los Angeles Basin,11/9/2019,1500,313,0.01,0,852,5.7,86.3,13,30.3,4.7,293,59.4
78,Pomona,Los Angeles Basin,11/9/2019,1600,313,0.01,0,488,5.3,85.3,13,28.7,4.4,281,59.5
78,Pomona,Los Angeles Basin,11/9/2019,1700,313,0,0,112,5.5,81.2,15,29.4,3.6,260,59.6
78,Pomona,Los Angeles Basin,11/9/2019,1800,313,0,0,1,6.2,73.6,22,32.3,2,228,59.8
78,Pomona,Los Angeles Basin,11/9/2019,1900,313,0,0,0,6.8,65.2,32,34.8,1.2,7,59.9
78,Pomona,Los Angeles Basin,11/9/2019,2000,313,0,0,0,7.5,59.8,43,37.1,1.5,48,60
78,Pomona,Los Angeles Basin,11/9/2019,2100,313,0,0,1,7.2,56.8,45,36,1.4,5,60.1
78,Pomona,Los Angeles Basin,11/9/2019,2200,313,0,0,0,7,57.3,43,35.3,1.8,358,60.1
78,Pomona,Los Angeles Basin,11/9/2019,2300,313,0,0,0,6.6,57.3,41,34,1.8,32,60.1
78,Pomona,Los Angeles Basin,11/9/2019,2400,313,0,0,0,7.4,53.5,53,36.7,1.2,37,60.1
78,Pomona,Los Angeles Basin,11/10/2019,100,314,0,0,0,7.6,51.5,59,37.5,1,40,60
78,Pomona,Los Angeles Basin,11/10/2019,200,314,0,0,0,7.7,50.3,62,37.7,1.2,23,59.9
78,Pomona,Los Angeles Basin,11/10/2019,300,314,0,0.01,0,9.7,51,76,43.6,1.2,37,59.6
78,Pomona,Los Angeles Basin,11/10/2019,400,314,0,0.05,0,7.7,47.6,69,37.9,1.1,55,58.9
78,Pomona,Los Angeles Basin,11/10/2019,500,314,0,0,0,6.9,46.4,64,35,1.1,40,58.9
78,Pomona,Los Angeles Basin,11/10/2019,600,314,0,0,0,6.9,45.3,67,35.1,1,35,59
78,Pomona,Los Angeles Basin,11/10/2019,700,314,0,0,29,6.8,44.8,68,34.8,1,56,59
78,Pomona,Los Angeles Basin,11/10/2019,800,314,0,0,362,8.7,51.8,66,40.8,1,336,59
78,Pomona,Los Angeles Basin,11/10/2019,900,314,0.01,0,762,7.9,63,40,38.4,2.6,45,59
78,Pomona,Los Angeles Basin,11/10/2019,1000,314,0.01,0,1096,7,68.9,29,35.4,4.6,55,58.9
78,Pomona,Los Angeles Basin,11/10/2019,1100,314,0.01,0,1306,8.5,73.7,30,40.2,3.2,334,58.8
78,Pomona,Los Angeles Basin,11/10/2019,1200,314,0.02,0,1383,11.5,74.2,40,48.3,4.7,289,58.8
78,Pomona,Los Angeles Basin,11/10/2019,1300,314,0.02,0,1323,13.1,74.9,44,51.7,5.6,279,58.8
78,Pomona,Los Angeles Basin,11/10/2019,1400,314,0.01,0,1142,12.7,76.1,41,50.9,5.2,256,58.8
78,Pomona,Los Angeles Basin,11/10/2019,1500,314,0.01,0,851,12.6,76.3,41,50.7,5,238,58.9
78,Pomona,Los Angeles Basin,11/10/2019,1600,314,0.01,0,464,13.1,74.2,46,51.8,5.4,243,59.1
78,Pomona,Los Angeles Basin,11/10/2019,1700,314,0,0,113,12.9,70.7,50,51.3,3.9,244,59.2
78,Pomona,Los Angeles Basin,11/10/2019,1800,314,0,0,1,13.4,65.3,63,52.4,3.8,231,59.4
78,Pomona,Los Angeles Basin,11/10/2019,1900,314,0,0,1,13.7,61.8,72,52.9,3,232,59.5
78,Pomona,Los Angeles Basin,11/10/2019,2000,314,0,0,2,13.6,59,79,52.7,1.3,238,59.6
78,Pomona,Los Angeles Basin,11/10/2019,2100,314,0,0,0,13,55.3,87,51.5,1.2,51,59.7
78,Pomona,Los Angeles Basin,11/10/2019,2200,314,0,0,0,13.5,55.1,91,52.6,1.1,197,59.8
78,Pomona,Los Angeles Basin,11/10/2019,2300,314,0,0,0,15.1,57.7,93,55.7,2.3,186,59.8
78,Pomona,Los Angeles Basin,11/10/2019,2400,314,0,0,0,15.7,58.4,94,56.7,2.1,235,59.8
78,Pomona,Los Angeles Basin,11/11/2019,100,315,0,0,0,15.3,57.9,93,56,3.2,220,59.8
78,Pomona,Los Angeles Basin,11/11/2019,200,315,0,0,0,15.1,57.7,93,55.7,3,215,59.7
78,Pomona,Los Angeles Basin,11/11/2019,300,315,0,0,0,15,57.4,93,55.4,2.6,240,59.7
78,Pomona,Los Angeles Basin,11/11/2019,400,315,0,0,0,14.7,57,92,54.8,1.7,326,59.7
78,Pomona,Los Angeles Basin,11/11/2019,500,315,0,0,0,13.6,54.8,92,52.7,1.5,18,59.6
78,Pomona,Los Angeles Basin,11/11/2019,600,315,0,0,0,13,53.1,94,51.5,1.9,56,59.6
78,Pomona,Los Angeles Basin,11/11/2019,700,315,0,0,27,13.1,53.3,95,51.8,2.1,72,59.6
78,Pomona,Los Angeles Basin,11/11/2019,800,315,0,0,255,13.2,53.4,95,51.9,2.8,45,59.6
78,Pomona,Los Angeles Basin,11/11/2019,900,315,0,0,430,14,54.9,95,53.6,2.5,45,59.6
78,Pomona,Los Angeles Basin,11/11/2019,1000,315,0.01,0,1025,15.1,59.4,87,55.5,1.7,137,59.6
78,Pomona,Los Angeles Basin,11/11/2019,1100,315,0.01,0,1253,14.9,65.6,69,55.3,3.6,209,59.5
78,Pomona,Los Angeles Basin,11/11/2019,1200,315,0.02,0,1334,14.4,69.5,59,54.4,3.7,292,59.5
78,Pomona,Los Angeles Basin,11/11/2019,1300,315,0.02,0,1303,12.8,72.1,47,51.1,4.2,301,59.5
78,Pomona,Los Angeles Basin,11/11/2019,1400,315,0.01,0,1129,11.8,74.7,40,48.8,4.6,302,59.6
78,Pomona,Los Angeles Basin,11/11/2019,1500,315,0.01,0,808,13,75.3,43,51.5,5,283,59.7
78,Pomona,Los Angeles Basin,11/11/2019,1600,315,0.01,0,423,13.5,74.5,46,52.5,4.6,292,59.8
78,Pomona,Los Angeles Basin,11/11/2019,1700,315,0,0,87,14.4,70.6,56,54.3,4.2,239,59.9
78,Pomona,Los Angeles Basin,11/11/2019,1800,315,0,0,1,14.8,65.3,69,55,3.4,234,60.1
78,Pomona,Los Angeles Basin,11/11/2019,1900,315,0,0,0,14.2,61.2,77,53.9,1.7,238,60.2
78,Pomona,Los Angeles Basin,11/11/2019,2000,315,0,0,1,13.6,57.8,84,52.8,1.2,210,60.3
78,Pomona,Los Angeles Basin,11/11/2019,2100,315,0,0,0,13.7,56.8,87,53,1.4,187,60.4
78,Pomona,Los Angeles Basin,11/11/2019,2200,315,0,0,0,13,54.3,90,51.5,1.1,16,60.4
78,Pomona,Los Angeles Basin,11/11/2019,2300,315,0,0,0,12.7,52.9,93,50.9,1.3,67,60.4
78,Pomona,Los Angeles Basin,11/11/2019,2400,315,0,0,0,12.4,51.9,94,50.3,1.4,23,60.4
78,Pomona,Los Angeles Basin,11/12/2019,100,316,0,0,0,12.3,51.2,95,49.9,1.4,36,60.3
78,Pomona,Los Angeles Basin,11/12/2019,200,316,0,0,0,11.9,50.2,96,49.1,1.4,22,60.2
78,Pomona,Los Angeles Basin,11/12/2019,300,316,0,0,0,12.5,51.5,96,50.5,2.9,355,60.1
78,Pomona,Los Angeles Basin,11/12/2019,400,316,0,0,0,13.1,53.7,93,51.6,4.4,14,60
78,Pomona,Los Angeles Basin,11/12/2019,500,316,0,0,0,13.6,54.8,93,52.7,3.9,16,59.9
78,Pomona,Los Angeles Basin,11/12/2019,600,316,0,0,0,13.1,53.6,94,51.8,2.5,34,59.8
78,Pomona,Los Angeles Basin,11/12/2019,700,316,0,0,29,11.8,50.4,95,49,1,247,59.7
78,Pomona,Los Angeles Basin,11/12/2019,800,316,0,0,338,13.9,54.5,96,53.4,1.3,295,59.6
78,Pomona,Los Angeles Basin,11/12/2019,900,316,0.01,0,714,15,62.2,79,55.5,1.4,96,59.6
78,Pomona,Los Angeles Basin,11/12/2019,1000,316,0.01,0,1044,13.6,68.4,57,52.7,2.2,172,59.5
78,Pomona,Los Angeles Basin,11/12/2019,1100,316,0.01,0,1255,13.4,73.7,47,52.3,2.8,206,59.4
78,Pomona,Los Angeles Basin,11/12/2019,1200,316,0.02,0,1330,15,76,49,55.4,5,186,59.4
78,Pomona,Los Angeles Basin,11/12/2019,1300,316,0.02,0,1290,13.3,79.8,38,52.1,4.1,233,59.4
78,Pomona,Los Angeles Basin,11/12/2019,1400,316,0.01,0,1131,10.2,81,28,45,4.5,303,59.4
78,Pomona,Los Angeles Basin,11/12/2019,1500,316,0.01,0,839,10.4,81,29,45.6,4.7,282,59.5
78,Pomona,Los Angeles Basin,11/12/2019,1600,316,0.01,0,386,13.6,77.9,42,52.8,3.9,299,59.7
78,Pomona,Los Angeles Basin,11/12/2019,1700,316,0,0,83,13.4,74.4,46,52.3,2.9,243,59.8
78,Pomona,Los Angeles Basin,11/12/2019,1800,316,0,0,0,15.3,69.2,63,56,3.3,253,60
78,Pomona,Los Angeles Basin,11/12/2019,1900,316,0,0,0,15.1,65.4,70,55.6,3.2,266,60.2
78,Pomona,Los Angeles Basin,11/12/2019,2000,316,0,0,0,14.4,61.9,76,54.4,1.4,195,60.3
78,Pomona,Los Angeles Basin,11/12/2019,2100,316,0,0,2,14.3,58.3,86,54.1,1,83,60.4
78,Pomona,Los Angeles Basin,11/12/2019,2200,316,0,0,1,14.3,56.8,91,54.1,1,77,60.4
78,Pomona,Los Angeles Basin,11/12/2019,2300,316,0,0,0,13.7,55.2,92,53,1,28,60.4
78,Pomona,Los Angeles Basin,11/12/2019,2400,316,0,0,0,13.4,54,94,52.3,1,47,60.4
78,Pomona,Los Angeles Basin,11/13/2019,100,317,0,0,0,12.9,52.8,95,51.4,1,33,60.4
78,Pomona,Los Angeles Basin,11/13/2019,200,317,0,0,0,12.5,51.7,96,50.5,1,357,60.3
78,Pomona,Los Angeles Basin,11/13/2019,300,317,0,0.01,0,13.4,53.3,97,52.4,1,32,60.1
78,Pomona,Los Angeles Basin,11/13/2019,400,317,0,0.01,0,12.1,50.3,97,49.5,1.2,352,59.6
78,Pomona,Los Angeles Basin,11/13/2019,500,317,0,0,0,11.8,49.6,97,48.8,1.1,124,59.7
78,Pomona,Los Angeles Basin,11/13/2019,600,317,0,0,0,11.2,48.3,97,47.6,1,136,59.7
78,Pomona,Los Angeles Basin,11/13/2019,700,317,0,0,33,11,47.7,98,47.1,1,191,59.7
78,Pomona,Los Angeles Basin,11/13/2019,800,317,0,0,342,12.8,51.5,98,51,1.2,301,59.7
78,Pomona,Los Angeles Basin,11/13/2019,900,317,0,0,626,14.7,57.6,90,54.8,1.5,38,59.6
78,Pomona,Los Angeles Basin,11/13/2019,1000,317,0.01,0,1087,12.8,65.5,59,51,3,179,59.6
78,Pomona,Los Angeles Basin,11/13/2019,1100,317,0.01,0,1053,13.2,70.6,52,52,2,202,59.5
78,Pomona,Los Angeles Basin,11/13/2019,1200,317,0.02,0,1205,14.6,72.1,54,54.7,5.3,192,59.5
78,Pomona,Los Angeles Basin,11/13/2019,1300,317,0.02,0,1265,13.2,74.2,46,51.8,4.9,221,59.5
78,Pomona,Los Angeles Basin,11/13/2019,1400,317,0.01,0,1073,12.7,75.4,42,50.9,4.8,252,59.6
78,Pomona,Los Angeles Basin,11/13/2019,1500,317,0.01,0,724,13.3,74.2,46,52.2,4.9,286,59.7
78,Pomona,Los Angeles Basin,11/13/2019,1600,317,0,0,288,14.6,71.5,55,54.7,5.3,242,59.8
78,Pomona,Los Angeles Basin,11/13/2019,1700,317,0,0,86,15.5,67.9,66,56.3,5,229,59.9
78,Pomona,Los Angeles Basin,11/13/2019,1800,317,0,0,1,15.1,63,77,55.6,3.8,278,60.1
78,Pomona,Los Angeles Basin,11/13/2019,1900,317,0,0,0,14.5,59.7,83,54.5,2.7,292,60.2
78,Pomona,Los Angeles Basin,11/13/2019,2000,317,0,0,2,14.6,58.6,87,54.6,2.5,296,60.3
78,Pomona,Los Angeles Basin,11/13/2019,2100,317,0,0,1,14,56.9,89,53.6,1.5,224,60.4
78,Pomona,Los Angeles Basin,11/13/2019,2200,317,0,0,0,13.9,55.9,91,53.3,1,349,60.4
78,Pomona,Los Angeles Basin,11/13/2019,2300,317,0,0.02,0,13.5,54.5,93,52.6,1.1,353,60.4
78,Pomona,Los Angeles Basin,11/13/2019,2400,317,0,0.01,0,13.1,53.2,95,51.6,1.1,306,60.4
78,Pomona,Los Angeles Basin,11/14/2019,100,318,0,0,0,12.5,51.8,95,50.5,1,29,60.4
78,Pomona,Los Angeles Basin,11/14/2019,200,318,0,0,0,12.6,51.8,96,50.7,1,319,60.3
78,Pomona,Los Angeles Basin,11/14/2019,300,318,0,0,0,12.6,51.8,96,50.7,1,298,60.3
78,Pomona,Los Angeles Basin,11/14/2019,400,318,0,0,0,12.6,51.7,96,50.8,1,326,60.2
78,Pomona,Los Angeles Basin,11/14/2019,500,318,0,0,0,12.9,52.3,97,51.4,1,280,60.1
78,Pomona,Los Angeles Basin,11/14/2019,600,318,0,0,0,13.6,53.5,98,52.8,2,230,60
78,Pomona,Los Angeles Basin,11/14/2019,700,318,0,0,10,14.3,54.5,98,54.1,1.7,236,59.9
78,Pomona,Los Angeles Basin,11/14/2019,800,318,0,0,81,14.4,54.7,99,54.3,1.4,237,59.8
78,Pomona,Los Angeles Basin,11/14/2019,900,318,0,0,173,14.8,55.4,99,55.1,1.6,153,59.8
78,Pomona,Los Angeles Basin,11/14/2019,1000,318,0,0,582,15.5,56.5,99,56.3,2.7,60,59.7
78,Pomona,Los Angeles Basin,11/14/2019,1100,318,0.01,0,1057,16.6,59.9,94,58.2,2.2,302,59.7
78,Pomona,Los Angeles Basin,11/14/2019,1200,318,0.01,0,1236,16.3,65.8,75,57.7,2.5,266,59.7
78,Pomona,Los Angeles Basin,11/14/2019,1300,318,0.01,0,1230,16.2,70.6,64,57.6,3.7,269,59.6
78,Pomona,Los Angeles Basin,11/14/2019,1400,318,0.01,0,1043,15.5,72,58,56.3,4.7,265,59.7
78,Pomona,Los Angeles Basin,11/14/2019,1500,318,0.01,0,689,14.1,71.6,53,53.7,4.9,292,59.8
78,Pomona,Los Angeles Basin,11/14/2019,1600,318,0,0,382,13.4,70.2,53,52.3,5.2,279,59.9
78,Pomona,Los Angeles Basin,11/14/2019,1700,318,0,0,49,13.8,66.2,63,53.1,4.2,283,60
78,Pomona,Los Angeles Basin,11/14/2019,1800,318,0,0,1,14.5,62,77,54.5,4,272,60.1
78,Pomona,Los Angeles Basin,11/14/2019,1900,318,0,0,0,14.4,60,81,54.2,3,253,60.2
78,Pomona,Los Angeles Basin,11/14/2019,2000,318,0,0,0,14.2,58.5,85,53.9,1.6,248,60.3
78,Pomona,Los Angeles Basin,11/14/2019,2100,318,0,0,0,13.7,56.3,89,53,1,22,60.4
78,Pomona,Los Angeles Basin,11/14/2019,2200,318,0,0,1,13.3,54.4,92,52.1,1.2,48,60.4
78,Pomona,Los Angeles Basin,11/14/2019,2300,318,0,0,2,13.2,53.8,94,52,1,144,60.4
78,Pomona,Los Angeles Basin,11/14/2019,2400,318,0,0,1,12.8,52.6,95,51.1,1,298,60.4
78,Pomona,Los Angeles Basin,11/15/2019,100,319,0,0,0,12.6,51.8,96,50.7,1.4,191,60.4
78,Pomona,Los Angeles Basin,11/15/2019,200,319,0,0,0,12.6,51.6,96,50.6,1.5,5,60.3
78,Pomona,Los Angeles Basin,11/15/2019,300,319,0,0.01,0,13.3,52.8,98,52.1,1,14,60.1
78,Pomona,Los Angeles Basin,11/15/2019,400,319,0,0.04,0,12.4,50.6,98,50.2,1.7,174,59.6
78,Pomona,Los Angeles Basin,11/15/2019,500,319,0,0,1,12.9,51.8,99,51.4,1.6,167,59.5
78,Pomona,Los Angeles Basin,11/15/2019,600,319,0,0,1,13.5,52.8,99,52.5,1.2,305,59.6
78,Pomona,Los Angeles Basin,11/15/2019,700,319,0,0,14,14.4,54.5,99,54.2,2.5,51,59.6
78,Pomona,Los Angeles Basin,11/15/2019,800,319,0,0,84,14.4,54.6,99,54.4,2.3,303,59.6
78,Pomona,Los Angeles Basin,11/15/2019,900,319,0,0,158,14.8,55.3,99,55.1,3.6,256,59.6
78,Pomona,Los Angeles Basin,11/15/2019,1000,319,0,0,326,15.2,56.2,99,55.9,2.3,271,59.6
78,Pomona,Los Angeles Basin,11/15/2019,1100,319,0,0,571,15.7,57.7,97,56.7,3.1,214,59.6
78,Pomona,Los Angeles Basin,11/15/2019,1200,319,0.01,0,1190,15.8,61.3,85,56.9,3.3,187,59.6
78,Pomona,Los Angeles Basin,11/15/2019,1300,319,0.01,0,985,15.5,65.6,72,56.4,3.2,210,59.6
78,Pomona,Los Angeles Basin,11/15/2019,1400,319,0.01,0,777,14.1,68.8,59,53.8,2.4,201,59.7
78,Pomona,Los Angeles Basin,11/15/2019,1500,319,0.01,0,563,13.5,70.4,53,52.6,2.1,246,59.8
78,Pomona,Los Angeles Basin,11/15/2019,1600,319,0,0,258,13.9,68.6,58,53.4,5.4,255,59.9
78,Pomona,Los Angeles Basin,11/15/2019,1700,319,0,0,45,14.3,64.8,68,54.1,4.3,238,60
78,Pomona,Los Angeles Basin,11/15/2019,1800,319,0,0,1,14.3,60.8,79,54.1,2.6,241,60.1
78,Pomona,Los Angeles Basin,11/15/2019,1900,319,0,0,0,14,58.6,83,53.6,2.4,238,60.2
78,Pomona,Los Angeles Basin,11/15/2019,2000,319,0,0,1,13.1,55,89,51.8,1.3,6,60.3
78,Pomona,Los Angeles Basin,11/15/2019,2100,319,0,0,2,12.8,53.2,92,51,1.3,360,60.3
78,Pomona,Los Angeles Basin,11/15/2019,2200,319,0,0,0,12.5,52.1,94,50.4,1.1,22,60.4
78,Pomona,Los Angeles Basin,11/15/2019,2300,319,0,0.01,0,12.5,51.7,96,50.5,1.4,72,60.4
78,Pomona,Los Angeles Basin,11/15/2019,2400,319,0,0,0,12,50.4,96,49.4,1.3,16,60.3
78,Pomona,Los Angeles Basin,11/16/2019,100,320,0,0,0,11.7,49.4,97,48.6,1,15,60.3
78,Pomona,Los Angeles Basin,11/16/2019,200,320,0,0,0,11.7,49.3,98,48.7,2.2,354,60.2
78,Pomona,Los Angeles Basin,11/16/2019,300,320,0,0,0,12.4,51.4,96,50.3,3.4,12,60.1
78,Pomona,Los Angeles Basin,11/16/2019,400,320,0,0,0,12.5,51.9,95,50.4,4,2,60
78,Pomona,Los Angeles Basin,11/16/2019,500,320,0,0,0,12.8,52.4,95,51,3.7,358,59.9
78,Pomona,Los Angeles Basin,11/16/2019,600,320,0,0,0,12.7,52.7,94,51,3.6,8,59.8
78,Pomona,Los Angeles Basin,11/16/2019,700,320,0,0,22,12.5,53,91,50.5,4.5,13,59.8
78,Pomona,Los Angeles Basin,11/16/2019,800,320,0,0,300,13.2,55.3,88,51.9,3.7,10,59.7
78,Pomona,Los Angeles Basin,11/16/2019,900,320,0.01,0,674,13.6,60.4,76,52.7,4,25,59.6
78,Pomona,Los Angeles Basin,11/16/2019,1000,320,0.01,0,1025,11.4,68.4,48,48,3.3,54,59.5
78,Pomona,Los Angeles Basin,11/16/2019,1100,320,0.01,0,1248,10.2,75.3,34,45.1,2.5,5,59.5
78,Pomona,Los Angeles Basin,11/16/2019,1200,320,0.02,0,1339,9.3,80.4,26,42.6,2.2,243,59.4
78,Pomona,Los Angeles Basin,11/16/2019,1300,320,0.02,0,1289,11.6,82.5,31,48.4,4,279,59.4
78,Pomona,Los Angeles Basin,11/16/2019,1400,320,0.01,0,1117,10.2,82.1,27,45.2,5.7,306,59.5
78,Pomona,Los Angeles Basin,11/16/2019,1500,320,0.01,0,811,9.5,81.8,26,43.1,5.3,290,59.6
78,Pomona,Los Angeles Basin,11/16/2019,1600,320,0.01,0,431,8.9,81,25,41.4,3.9,277,59.7
78,Pomona,Los Angeles Basin,11/16/2019,1700,320,0,0,85,10.8,75.4,36,46.5,2.3,282,59.8
78,Pomona,Los Angeles Basin,11/16/2019,1800,320,0,0,0,11.5,66.4,52,48.1,2,339,60
78,Pomona,Los Angeles Basin,11/16/2019,1900,320,0,0,0,11.7,61.7,62,48.6,2.2,18,60.1
78,Pomona,Los Angeles Basin,11/16/2019,2000,320,0,0,0,11.9,58.8,70,49.1,1.7,43,60.2
78,Pomona,Los Angeles Basin,11/16/2019,2100,320,0,0,0,11.8,56.3,76,48.8,1.5,44,60.3
78,Pomona,Los Angeles Basin,11/16/2019,2200,320,0,0,1,11.5,54.7,79,48.2,1.8,52,60.3
78,Pomona,Los Angeles Basin,11/16/2019,2300,320,0,0,2,11,53.2,80,47.2,1.9,9,60.3
78,Pomona,Los Angeles Basin,11/16/2019,2400,320,0,0,0,9.9,52.8,73,44.3,2.2,14,60.2
78,Pomona,Los Angeles Basin,11/17/2019,100,321,0,0,0,9.1,52,68,42,1.9,56,60.2
78,Pomona,Los Angeles Basin,11/17/2019,200,321,0,0,0,8.7,50,71,40.9,2.3,30,60.1
78,Pomona,Los Angeles Basin,11/17/2019,300,321,0,0,0,9,50.7,72,41.9,3.3,26,59.9
78,Pomona,Los Angeles Basin,11/17/2019,400,321,0,0.02,0,8,52.6,59,38.6,3.2,17,59
78,Pomona,Los Angeles Basin,11/17/2019,500,321,0,0,0,7.5,53.2,55,37.3,3.3,355,58.9
78,Pomona,Los Angeles Basin,11/17/2019,600,321,0,0,0,7.3,51.7,56,36.5,2.2,16,59
78,Pomona,Los Angeles Basin,11/17/2019,700,321,0,0,21,7.4,50.6,59,36.8,3.2,59,58.9
78,Pomona,Los Angeles Basin,11/17/2019,800,321,0,0,331,8.6,57.6,53,40.5,3.3,40,58.9
78,Pomona,Los Angeles Basin,11/17/2019,900,321,0.01,0,722,9.3,69.5,38,42.5,1.8,139,58.9
78,Pomona,Los Angeles Basin,11/17/2019,1000,321,0.01,0,1048,8.6,79.3,25,40.8,4.2,310,58.8
78,Pomona,Los Angeles Basin,11/17/2019,1100,321,0.02,0,1267,7.7,82.7,20,37.8,4.3,309,58.7
78,Pomona,Los Angeles Basin,11/17/2019,1200,321,0.02,0,1360,7,85,17,35.4,4.9,307,58.7
78,Pomona,Los Angeles Basin,11/17/2019,1300,321,0.02,0,1306,6.9,85.3,17,35.1,6.2,308,58.7
78,Pomona,Los Angeles Basin,11/17/2019,1400,321,0.01,0,1129,7.2,86.5,17,36.2,4.7,306,58.8
78,Pomona,Los Angeles Basin,11/17/2019,1500,321,0.01,0,829,6.9,86.9,16,34.9,4.3,310,58.9
78,Pomona,Los Angeles Basin,11/17/2019,1600,321,0.01,0,453,6.5,85.7,15,33.4,4.1,325,59
78,Pomona,Los Angeles Basin,11/17/2019,1700,321,0,0,96,8,78.4,24,38.9,1.3,324,59.2
78,Pomona,Los Angeles Basin,11/17/2019,1800,321,0,0,0,8.1,67.7,35,38.9,1.2,40,59.3
78,Pomona,Los Angeles Basin,11/17/2019,1900,321,0,0,0,8.5,62.4,44,40.2,1.4,50,59.5
78,Pomona,Los Angeles Basin,11/17/2019,2000,321,0,0,0,7.9,59.6,45,38.5,1.4,20,59.6
78,Pomona,Los Angeles Basin,11/17/2019,2100,321,0,0,0,7.2,59.5,41,35.9,2.4,22,59.7
78,Pomona,Los Angeles Basin,11/17/2019,2200,321,0,0,1,7.5,58.5,45,37.2,2.2,24,59.7
78,Pomona,Los Angeles Basin,11/17/2019,2300,321,0,0.06,2,7.5,56.6,48,37.1,2.7,13,59.7
78,Pomona,Los Angeles Basin,11/17/2019,2400,321,0,0,0,7,56,46,35.3,3,44,59.7
78,Pomona,Los Angeles Basin,11/18/2019,100,322,0,0,1,6.1,57.6,38,32.1,3.2,33,59.6
78,Pomona,Los Angeles Basin,11/18/2019,200,322,0,0,2,5.4,61.4,29,28.9,2.5,14,59.6
78,Pomona,Los Angeles Basin,11/18/2019,300,322,0,0,1,5.3,60.9,29,28.3,2.3,3,59.5
78,Pomona,Los Angeles Basin,11/18/2019,400,322,0,0,1,5.3,59.3,31,28.5,3.3,355,59.4
78,Pomona,Los Angeles Basin,11/18/2019,500,322,0,0,2,5.4,58.6,32,28.7,3.3,345,59.3
78,Pomona,Los Angeles Basin,11/18/2019,600,322,0,0,2,5.1,59.4,30,27.7,3.1,350,59.2
78,Pomona,Los Angeles Basin,11/18/2019,700,322,0,0,21,5.1,59,30,27.7,2.8,2,59.1
78,Pomona,Los Angeles Basin,11/18/2019,800,322,0,0,329,5.8,61.3,31,30.6,2.8,336,59
78,Pomona,Los Angeles Basin,11/18/2019,900,322,0.01,0,716,6,66.7,27,31.7,3.6,40,58.9
78,Pomona,Los Angeles Basin,11/18/2019,1000,322,0.01,0,1044,6.2,73.8,22,32.2,2.3,70,58.9
78,Pomona,Los Angeles Basin,11/18/2019,1100,322,0.01,0,1257,5.9,79.4,17,31.2,3.5,85,58.8
78,Pomona,Los Angeles Basin,11/18/2019,1200,322,0.02,0,1169,5.3,83.2,14,28.6,3.4,98,58.7
78,Pomona,Los Angeles Basin,11/18/2019,1300,322,0.02,0,1314,5.6,86.7,13,29.9,2.8,61,58.7
78,Pomona,Los Angeles Basin,11/18/2019,1400,322,0.01,0,1003,4.8,88.1,10,25.9,2.9,99,58.8
78,Pomona,Los Angeles Basin,11/18/2019,1500,322,0.01,0,502,5.3,86.2,13,28.7,2.5,64,58.8
78,Pomona,Los Angeles Basin,11/18/2019,1600,322,0,0,428,7.2,85.4,17,36.1,2.1,6,58.9
78,Pomona,Los Angeles Basin,11/18/2019,1700,322,0,0,63,9.2,74.2,32,42.4,1.7,347,59.1
78,Pomona,Los Angeles Basin,11/18/2019,1800,322,0,0,0,8.2,71,32,39.5,2.4,209,59.3
78,Pomona,Los Angeles Basin,11/18/2019,1900,322,0,0,0,9.2,64.8,44,42.3,2,64,59.4
78,Pomona,Los Angeles Basin,11/18/2019,2000,322,0,0,0,9.2,62,49,42.5,1.6,359,59.5
78,Pomona,Los Angeles Basin,11/18/2019,2100,322,0,0,0,9.3,59.6,53,42.7,2,69,59.6
78,Pomona,Los Angeles Basin,11/18/2019,2200,322,0,0,0,9.7,57.3,61,43.8,1.6,27,59.6
78,Pomona,Los Angeles Basin,11/18/2019,2300,322,0,0,1,9,56.4,58,41.8,1.6,261,59.6
78,Pomona,Los Angeles Basin,11/18/2019,2400,322,0,0,2,9.1,57,57,42,1.9,27,59.6
78,Pomona,Los Angeles Basin,11/19/2019,100,323,0,0,2,9,56.4,58,41.9,1.4,11,59.6
78,Pomona,Los Angeles Basin,11/19/2019,200,323,0,0,2,9,55.2,60,41.8,1.7,6,59.5
78,Pomona,Los Angeles Basin,11/19/2019,300,323,0,0,1,7.2,58.9,42,36.1,2.7,16,59.5
78,Pomona,Los Angeles Basin,11/19/2019,400,323,0,0,1,6.7,60.8,37,34.3,2.3,9,59.4
78,Pomona,Los Angeles Basin,11/19/2019,500,323,0,0,1,6.7,60.1,38,34.3,3.5,4,59.3
78,Pomona,Los Angeles Basin,11/19/2019,600,323,0,0,0,6.6,62,35,33.9,3.4,36,59.3
78,Pomona,Los Angeles Basin,11/19/2019,700,323,0,0,9,7.2,60.6,40,36.2,2.2,33,59.2
78,Pomona,Los Angeles Basin,11/19/2019,800,323,0,0,97,8.2,59.9,47,39.5,1.9,12,59.1
78,Pomona,Los Angeles Basin,11/19/2019,900,323,0,0,267,7.4,64.4,36,36.8,3.3,46,59.1
78,Pomona,Los Angeles Basin,11/19/2019,1000,323,0.01,0,614,7.6,69,31,37.3,3.4,39,59
78,Pomona,Los Angeles Basin,11/19/2019,1100,323,0.01,0,815,6.7,74.5,23,34.2,4.4,67,59
78,Pomona,Los Angeles Basin,11/19/2019,1200,323,0.01,0,1082,7,78.7,21,35.3,3.1,259,59
78,Pomona,Los Angeles Basin,11/19/2019,1300,323,0.01,0,963,8.1,77,26,39.1,6.5,278,59
78,Pomona,Los Angeles Basin,11/19/2019,1400,323,0.01,0,549,8.1,74.5,28,39,6.3,233,59
78,Pomona,Los Angeles Basin,11/19/2019,1500,323,0.01,0,510,7.6,73.7,27,37.4,5.2,221,59.1
78,Pomona,Los Angeles Basin,11/19/2019,1600,323,0,0,181,8.6,70.9,33,40.6,4.8,203,59.1
78,Pomona,Los Angeles Basin,11/19/2019,1700,323,0,0,21,9,68.4,38,41.9,2.7,250,59.2
78,Pomona,Los Angeles Basin,11/19/2019,1800,323,0,0,0,9.7,67.4,42,43.8,4.1,287,59.3
78,Pomona,Los Angeles Basin,11/19/2019,1900,323,0,0,0,13,66.5,59,51.6,4.8,249,59.4
78,Pomona,Los Angeles Basin,11/19/2019,2000,323,0,0,0,14.2,64.7,68,53.9,3.6,258,59.5
78,Pomona,Los Angeles Basin,11/19/2019,2100,323,0,0,0,14.3,62.8,74,54.2,3.8,276,59.5
78,Pomona,Los Angeles Basin,11/19/2019,2200,323,0,0,0,15.1,62.8,77,55.5,4.3,276,59.5
78,Pomona,Los Angeles Basin,11/19/2019,2300,323,0,0,0,15.3,61.7,82,56.1,3.7,219,59.5
78,Pomona,Los Angeles Basin,11/19/2019,2400,323,0,0,0,14.7,60.8,81,54.9,4.6,209,59.5
78,Pomona,Los Angeles Basin,11/20/2019,100,324,0,0,0,14.9,60.2,83,55.2,4,223,59.6
78,Pomona,Los Angeles Basin,11/20/2019,200,324,0,0,0,14.6,59.5,84,54.6,3.8,184,59.6
78,Pomona,Los Angeles Basin,11/20/2019,300,324,0,0,0,14.1,58.2,85,53.8,5,213,59.6
78,Pomona,Los Angeles Basin,11/20/2019,400,324,0,0.02,0,13.6,56.8,87,52.8,4.1,204,59.6
78,Pomona,Los Angeles Basin,11/20/2019,500,324,0,0,1,13.2,56.2,86,52,5.7,209,59.6
78,Pomona,Los Angeles Basin,11/20/2019,600,324,0,0,2,12.2,55.3,82,49.8,6.3,232,59.7
78,Pomona,Los Angeles Basin,11/20/2019,700,324,0,0.04,9,11.6,54.1,81,48.5,5.2,221,59.7
78,Pomona,Los Angeles Basin,11/20/2019,800,324,0,0.01,151,12.4,52.8,91,50.2,4.1,225,59.7
78,Pomona,Los Angeles Basin,11/20/2019,900,324,0,0,624,12.2,55,83,49.8,5,224,59.8
78,Pomona,Los Angeles Basin,11/20/2019,1000,324,0,0,473,10.6,55.6,70,46.1,6,204,59.7
78,Pomona,Los Angeles Basin,11/20/2019,1100,324,0.01,0,698,10.6,56.1,69,46,5.5,176,59.7
78,Pomona,Los Angeles Basin,11/20/2019,1200,324,0,0,270,10,55.4,67,44.5,4.2,96,59.7
78,Pomona,Los Angeles Basin,11/20/2019,1300,324,0,0.13,90,10.3,50.6,82,45.4,5.6,335,59.7
78,Pomona,Los Angeles Basin,11/20/2019,1400,324,0,0.02,145,10,49,85,44.7,8.4,2,59.7
78,Pomona,Los Angeles Basin,11/20/2019,1500,324,0,0.06,270,10.3,49.6,85,45.3,4.8,36,59.6
78,Pomona,Los Angeles Basin,11/20/2019,1600,324,0,0,106,10.2,51.1,80,45.2,4.1,34,59.6
78,Pomona,Los Angeles Basin,11/20/2019,1700,324,0,0,25,10.6,52,81,46.2,3.2,50,59.6
78,Pomona,Los Angeles Basin,11/20/2019,1800,324,0,0,1,10.6,52,81,46.2,3.9,73,59.5
78,Pomona,Los Angeles Basin,11/20/2019,1900,324,0,0,0,10.5,51.5,81,45.9,3.5,59,59.4
78,Pomona,Los Angeles Basin,11/20/2019,2000,324,0,0,0,10.5,51.9,80,45.9,3.1,62,59.4
78,Pomona,Los Angeles Basin,11/20/2019,2100,324,0,0,0,10.2,52,77,45.1,4.4,61,59.3
78,Pomona,Los Angeles Basin,11/20/2019,2200,324,0,0,0,10.3,51.7,79,45.4,3.4,62,59.3
78,Pomona,Los Angeles Basin,11/20/2019,2300,324,0,0.01,0,10.4,51.4,80,45.6,4.1,50,59.2
78,Pomona,Los Angeles Basin,11/20/2019,2400,324,0,0.02,0,10.5,51.3,81,45.9,3.5,52,59.1
78,Pomona,Los Angeles Basin,11/21/2019,100,325,0,0,0,10.5,51.4,81,45.7,2.7,22,59.1
78,Pomona,Los Angeles Basin,11/21/2019,200,325,0,0,0,10.5,51.3,82,45.9,3.6,44,59
78,Pomona,Los Angeles Basin,11/21/2019,300,325,0,0,0,10.7,51.3,83,46.2,2.3,47,59
78,Pomona,Los Angeles Basin,11/21/2019,400,325,0,0,0,11,51.4,85,47,2.5,43,58.9
78,Pomona,Los Angeles Basin,11/21/2019,500,325,0,0,0,11.2,51.4,87,47.5,3,17,58.9
78,Pomona,Los Angeles Basin,11/21/2019,600,325,0,0,0,11,50.7,88,47.1,2.4,19,58.8
78,Pomona,Los Angeles Basin,11/21/2019,700,325,0,0,14,10.8,49.8,89,46.6,1.3,24,58.7
78,Pomona,Los Angeles Basin,11/21/2019,800,325,0,0,244,11.4,51.3,88,47.9,2.1,50,58.7
78,Pomona,Los Angeles Basin,11/21/2019,900,325,0,0,576,11.7,55.2,79,48.8,3.2,66,58.6
78,Pomona,Los Angeles Basin,11/21/2019,1000,325,0.01,0,947,11.7,57.9,71,48.6,5.2,109,58.6
78,Pomona,Los Angeles Basin,11/21/2019,1100,325,0.01,0,1178,11.6,59.7,67,48.5,5.1,96,58.5
78,Pomona,Los Angeles Basin,11/21/2019,1200,325,0.01,0,1287,10.9,62.3,57,46.8,3.9,174,58.5
78,Pomona,Los Angeles Basin,11/21/2019,1300,325,0.01,0,1343,10.6,63.8,53,46.2,4,210,58.5
78,Pomona,Los Angeles Basin,11/21/2019,1400,325,0.01,0,1356,11.4,64.7,55,47.9,4.9,219,58.5
78,Pomona,Los Angeles Basin,11/21/2019,1500,325,0.01,0,921,11.3,64.1,55,47.7,6.1,207,58.6
78,Pomona,Los Angeles Basin,11/21/2019,1600,325,0,0,404,11.6,62.4,60,48.5,5.3,217,58.6
78,Pomona,Los Angeles Basin,11/21/2019,1700,325,0,0,43,11.6,59.9,66,48.4,3.5,227,58.7
78,Pomona,Los Angeles Basin,11/21/2019,1800,325,0,0,0,11.8,58.1,71,48.9,3.1,226,58.9
78,Pomona,Los Angeles Basin,11/21/2019,1900,325,0,0,0,12,56,78,49.4,2.5,237,58.9
78,Pomona,Los Angeles Basin,11/21/2019,2000,325,0,0,2,12.2,54.7,83,49.7,1.6,345,59
78,Pomona,Los Angeles Basin,11/21/2019,2100,325,0,0,2,11.9,53.2,86,49.1,1,234,59
78,Pomona,Los Angeles Basin,11/21/2019,2200,325,0,0,0,11.6,51.3,90,48.4,1.1,226,59.1
78,Pomona,Los Angeles Basin,11/21/2019,2300,325,0,0,0,11.6,50.6,92,48.4,1.2,9,59.1
78,Pomona,Los Angeles Basin,11/21/2019,2400,325,0,0,0,12.2,51.9,92,49.7,1,28,59
78,Pomona,Los Angeles Basin,11/22/2019,100,326,0,0,0,12,51.3,93,49.3,1.4,10,59
78,Pomona,Los Angeles Basin,11/22/2019,200,326,0,0,0,11.4,50.3,92,48.1,2.4,26,58.9
78,Pomona,Los Angeles Basin,11/22/2019,300,326,0,0,0,12.6,52.5,94,50.8,2.6,41,58.7
78,Pomona,Los Angeles Basin,11/22/2019,400,326,0,0,0,11.4,49.8,94,48,2.4,18,58.1
78,Pomona,Los Angeles Basin,11/22/2019,500,326,0,0,0,11,49.1,93,47.2,2.6,31,58.2
78,Pomona,Los Angeles Basin,11/22/2019,600,326,0,0,0,10.9,48.9,93,46.8,1.6,39,58.3
78,Pomona,Los Angeles Basin,11/22/2019,700,326,0,0,18,10.3,47,94,45.3,1.2,53,58.3
78,Pomona,Los Angeles Basin,11/22/2019,800,326,0,0,283,11.3,50.1,92,47.8,1.8,52,58.3
78,Pomona,Los Angeles Basin,11/22/2019,900,326,0,0,639,12.3,55.5,82,50.1,3.5,76,58.3
78,Pomona,Los Angeles Basin,11/22/2019,1000,326,0.01,0,945,12.1,59.8,69,49.7,3.8,107,58.3
78,Pomona,Los Angeles Basin,11/22/2019,1100,326,0.01,0,1176,11.2,63.2,57,47.5,3.6,110,58.2
78,Pomona,Los Angeles Basin,11/22/2019,1200,326,0.01,0,1261,10.9,65.5,51,46.8,4,82,58.2
78,Pomona,Los Angeles Basin,11/22/2019,1300,326,0.01,0,1220,10.3,66.9,46,45.3,4.6,87,58.2
78,Pomona,Los Angeles Basin,11/22/2019,1400,326,0.01,0,1052,9.3,68.5,39,42.8,4.6,124,58.2
78,Pomona,Los Angeles Basin,11/22/2019,1500,326,0.01,0,751,9.3,68.9,38,42.5,3,322,58.3
78,Pomona,Los Angeles Basin,11/22/2019,1600,326,0,0,378,9,68.7,37,41.7,2.2,208,58.4
78,Pomona,Los Angeles Basin,11/22/2019,1700,326,0,0,64,9.4,64.4,46,43,2.2,313,58.5
78,Pomona,Los Angeles Basin,11/22/2019,1800,326,0,0,0,10,60.3,56,44.5,1.7,194,58.6
78,Pomona,Los Angeles Basin,11/22/2019,1900,326,0,0,0,10.7,58.7,63,46.2,2,231,58.7
78,Pomona,Los Angeles Basin,11/22/2019,2000,326,0,0,1,11,53.7,78,47.1,1.3,29,58.8
78,Pomona,Los Angeles Basin,11/22/2019,2100,326,0,0,2,10.8,51.5,83,46.7,1.2,6,58.8
78,Pomona,Los Angeles Basin,11/22/2019,2200,326,0,0,0,11.2,51.2,87,47.4,1.4,16,58.8
78,Pomona,Los Angeles Basin,11/22/2019,2300,326,0,0.01,0,11.2,51.7,85,47.5,1.6,96,58.8
78,Pomona,Los Angeles Basin,11/22/2019,2400,326,0,0.01,0,10.6,49.9,87,46.2,1.7,12,58.8
78,Pomona,Los Angeles Basin,11/23/2019,100,327,0,0,0,9.9,48.9,83,44.2,1.4,18,58.7
78,Pomona,Los Angeles Basin,11/23/2019,200,327,0,0,0,9.8,50.2,79,44,1.8,351,58.7
78,Pomona,Los Angeles Basin,11/23/2019,300,327,0,0,0,9.5,53,69,43.2,3,7,58.6
78,Pomona,Los Angeles Basin,11/23/2019,400,327,0,0,0,9.3,50.5,74,42.6,1.6,8,58.5
78,Pomona,Los Angeles Basin,11/23/2019,500,327,0,0,0,9.3,47.9,82,42.6,1,3,58.4
78,Pomona,Los Angeles Basin,11/23/2019,600,327,0,0,0,9.2,46.4,86,42.5,1,356,58.4
78,Pomona,Los Angeles Basin,11/23/2019,700,327,0,0,15,9,44.9,88,41.7,1.2,22,58.3
78,Pomona,Los Angeles Basin,11/23/2019,800,327,0,0,277,10,49.1,84,44.4,1.5,358,58.2
78,Pomona,Los Angeles Basin,11/23/2019,900,327,0.01,0,641,9.8,58.2,59,44,2.2,43,58.1
78,Pomona,Los Angeles Basin,11/23/2019,1000,327,0.01,0,966,9.1,64.1,45,42.1,2.1,189,58
78,Pomona,Los Angeles Basin,11/23/2019,1100,327,0.01,0,1189,8.8,67.1,39,41.3,3,249,57.9
78,Pomona,Los Angeles Basin,11/23/2019,1200,327,0.01,0,1282,8.7,69,36,40.9,2.6,286,57.9
78,Pomona,Los Angeles Basin,11/23/2019,1300,327,0.01,0,1246,8.2,70.4,32,39.4,3.9,306,57.8
78,Pomona,Los Angeles Basin,11/23/2019,1400,327,0.01,0,1075,7.9,71.1,30,38.5,4.6,314,57.9
78,Pomona,Los Angeles Basin,11/23/2019,1500,327,0.01,0,786,7.6,71.3,29,37.6,4.3,310,57.9
78,Pomona,Los Angeles Basin,11/23/2019,1600,327,0,0,412,8,70.4,31,38.7,3.4,292,58
78,Pomona,Los Angeles Basin,11/23/2019,1700,327,0,0,70,8.1,66.1,37,39.2,1.4,326,58.1
78,Pomona,Los Angeles Basin,11/23/2019,1800,327,0,0,0,8.8,57.9,53,41.1,1,55,58.2
78,Pomona,Los Angeles Basin,11/23/2019,1900,327,0,0,0,8.5,57.1,53,40.3,1.8,24,58.2
78,Pomona,Los Angeles Basin,11/23/2019,2000,327,0,0,1,8.6,53.1,62,40.5,1.2,357,58.3
78,Pomona,Los Angeles Basin,11/23/2019,2100,327,0,0,0,9,50.5,72,41.8,1.2,23,58.3
78,Pomona,Los Angeles Basin,11/23/2019,2200,327,0,0,0,9,49.3,76,41.9,1.4,17,58.3
78,Pomona,Los Angeles Basin,11/23/2019,2300,327,0,0,0,8.7,49.2,73,40.9,1.5,23,58.3
78,Pomona,Los Angeles Basin,11/23/2019,2400,327,0,0,0,8.3,48.2,72,39.7,1.3,29,58.2
78,Pomona,Los Angeles Basin,11/24/2019,100,328,0,0,0,8.2,47.2,74,39.5,1.2,37,58.2
78,Pomona,Los Angeles Basin,11/24/2019,200,328,0,0,0,8.1,47.1,73,39.1,1.2,34,58.1
78,Pomona,Los Angeles Basin,11/24/2019,300,328,0,0,0,9.3,47.3,83,42.6,1,23,57.8
78,Pomona,Los Angeles Basin,11/24/2019,400,328,0,0,0,7.8,44.6,78,38.3,1.2,30,57.1
78,Pomona,Los Angeles Basin,11/24/2019,500,328,0,0,0,7.7,44.6,76,37.7,1.3,27,57.2
78,Pomona,Los Angeles Basin,11/24/2019,600,328,0,0,0,7.5,43.1,79,37,1.4,33,57.2
78,Pomona,Los Angeles Basin,11/24/2019,700,328,0,0,14,7.5,42.4,81,37.1,1.4,36,57.3
78,Pomona,Los Angeles Basin,11/24/2019,800,328,0,0,164,8.1,45.6,78,39.2,1.5,4,57.3
78,Pomona,Los Angeles Basin,11/24/2019,900,328,0,0,534,8.6,54.1,60,40.6,2.2,26,57.2
78,Pomona,Los Angeles Basin,11/24/2019,1000,328,0.01,0,1070,7.4,63.7,37,36.8,4,67,57.2
78,Pomona,Los Angeles Basin,11/24/2019,1100,328,0.01,0,1296,7,68,30,35.5,3.7,65,57.1
78,Pomona,Los Angeles Basin,11/24/2019,1200,328,0.02,0,1377,6.8,72,25,34.5,2.4,258,57.1
78,Pomona,Los Angeles Basin,11/24/2019,1300,328,0.01,0,1277,6.4,73.9,22,33,2.8,204,57.1
78,Pomona,Los Angeles Basin,11/24/2019,1400,328,0.01,0,1088,6.7,73.9,23,34.3,3.9,298,57.1
78,Pomona,Los Angeles Basin,11/24/2019,1500,328,0.01,0,796,6.4,73.3,23,33.3,4.7,308,57.2
78,Pomona,Los Angeles Basin,11/24/2019,1600,328,0,0,424,6.3,71.9,24,32.9,3.8,287,57.3
78,Pomona,Los Angeles Basin,11/24/2019,1700,328,0,0,84,6.5,67.7,28,33.4,2.5,282,57.4
78,Pomona,Los Angeles Basin,11/24/2019,1800,328,0,0,0,6.3,63.4,31,32.6,3.2,220,57.5
78,Pomona,Los Angeles Basin,11/24/2019,1900,328,0,0,0,6.5,57.9,40,33.7,1.8,235,57.6
78,Pomona,Los Angeles Basin,11/24/2019,2000,328,0,0,1,7.3,52,55,36.4,1.4,27,57.7
78,Pomona,Los Angeles Basin,11/24/2019,2100,328,0,0,0,7.4,49.4,61,36.7,1.1,23,57.7
78,Pomona,Los Angeles Basin,11/24/2019,2200,328,0,0,0,7.8,47.7,69,38,1.2,31,57.7
78,Pomona,Los Angeles Basin,11/24/2019,2300,328,0,0,0,7.9,46.1,75,38.6,1.3,17,57.7
78,Pomona,Los Angeles Basin,11/24/2019,2400,328,0,0.01,0,7.7,45.9,73,37.9,1.7,13,57.6
78,Pomona,Los Angeles Basin,11/25/2019,100,329,0,0,0,7.2,47.9,64,36.2,2.2,12,57.6
78,Pomona,Los Angeles Basin,11/25/2019,200,329,0,0,0,7.1,45.5,68,35.6,1.3,28,57.5
78,Pomona,Los Angeles Basin,11/25/2019,300,329,0,0,0,7.1,43.1,75,35.7,1.5,31,57.4
78,Pomona,Los Angeles Basin,11/25/2019,400,329,0,0,0,7,44,71,35.3,2.4,14,57.3
78,Pomona,Los Angeles Basin,11/25/2019,500,329,0,0,0,6.6,45.7,64,34.1,2.6,3,57.2
78,Pomona,Los Angeles Basin,11/25/2019,600,329,0,0,0,6.7,46.7,61,34.2,3.5,10,57.1
78,Pomona,Los Angeles Basin,11/25/2019,700,329,0,0,13,6.6,46.5,62,34.1,2.6,27,56.9
78,Pomona,Los Angeles Basin,11/25/2019,800,329,0,0,264,7.4,48,65,36.8,1.7,36,56.8
78,Pomona,Los Angeles Basin,11/25/2019,900,329,0.01,0,630,7.9,57.3,49,38.3,1.8,77,56.8
78,Pomona,Los Angeles Basin,11/25/2019,1000,329,0.01,0,954,8.5,62.2,45,40.4,2.3,119,56.6
78,Pomona,Los Angeles Basin,11/25/2019,1100,329,0.01,0,1175,9.5,64.6,46,43.2,3.8,198,56.5
78,Pomona,Los Angeles Basin,11/25/2019,1200,329,0.01,0,1271,9.8,67.1,43,43.9,3.9,225,56.5
78,Pomona,Los Angeles Basin,11/25/2019,1300,329,0.01,0,1219,10.2,67.1,45,45.2,5.4,233,56.4
78,Pomona,Los Angeles Basin,11/25/2019,1400,329,0.01,0,1042,11.2,67.3,49,47.6,5.1,238,56.4
78,Pomona,Los Angeles Basin,11/25/2019,1500,329,0.01,0,757,11.7,66.2,53,48.6,6.6,234,56.5
78,Pomona,Los Angeles Basin,11/25/2019,1600,329,0,0,421,13.1,63.8,65,51.8,6.6,228,56.6
78,Pomona,Los Angeles Basin,11/25/2019,1700,329,0,0,72,12.9,61.1,70,51.3,5.5,231,56.7
78,Pomona,Los Angeles Basin,11/25/2019,1800,329,0,0,0,12.9,60.3,72,51.3,4.6,237,56.8
78,Pomona,Los Angeles Basin,11/25/2019,1900,329,0,0,0,13.2,58.3,79,51.9,2.8,218,56.9
78,Pomona,Los Angeles Basin,11/25/2019,2000,329,0,0,0,12.7,55.3,85,51,1.3,246,57
78,Pomona,Los Angeles Basin,11/25/2019,2100,329,0,0,2,12.2,52.3,91,49.7,1.6,32,57
78,Pomona,Los Angeles Basin,11/25/2019,2200,329,0,0,1,11.8,50.7,93,48.8,1.1,325,57.1
78,Pomona,Los Angeles Basin,11/25/2019,2300,329,0,0,0,11.5,49.8,95,48.3,1.5,268,57.1
78,Pomona,Los Angeles Basin,11/25/2019,2400,329,0,0,0,10.8,47.8,96,46.6,1,71,57.1
78,Pomona,Los Angeles Basin,11/26/2019,100,330,0,0,0,10.5,46.8,97,45.8,1.2,345,57.1
78,Pomona,Los Angeles Basin,11/26/2019,200,330,0,0,0,10.1,45.8,96,44.9,1.5,8,57
78,Pomona,Los Angeles Basin,11/26/2019,300,330,0,0,0,9.6,44.7,95,43.5,1.7,335,57
78,Pomona,Los Angeles Basin,11/26/2019,400,330,0,0,0,9,43,95,41.7,1.2,357,56.9
78,Pomona,Los Angeles Basin,11/26/2019,500,330,0,0,0,8.6,42,94,40.5,1.5,15,56.8
78,Pomona,Los Angeles Basin,11/26/2019,600,330,0,0,0,7.9,40.8,91,38.4,1.6,17,56.7
78,Pomona,Los Angeles Basin,11/26/2019,700,330,0,0,14,7.3,40.5,85,36.5,1.9,53,56.6
78,Pomona,Los Angeles Basin,11/26/2019,800,330,0,0,257,7.7,44,78,37.6,1.8,25,56.5
78,Pomona,Los Angeles Basin,11/26/2019,900,330,0,0,538,7,52.6,51,35.3,2.1,38,56.4
78,Pomona,Los Angeles Basin,11/26/2019,1000,330,0.01,0,921,6.4,58.2,39,33.3,2,8,56.3
78,Pomona,Los Angeles Basin,11/26/2019,1100,330,0.01,0,1174,5.1,61.7,27,27.5,3,214,56.2
78,Pomona,Los Angeles Basin,11/26/2019,1200,330,0.01,0,1262,4.2,63.3,21,22.8,3.1,112,56.1
78,Pomona,Los Angeles Basin,11/26/2019,1300,330,0.01,0,1022,4.4,64,21,23.8,3,93,56.1
78,Pomona,Los Angeles Basin,11/26/2019,1400,330,0.01,0,1015,4.4,65.1,21,23.8,2.5,319,56.1
78,Pomona,Los Angeles Basin,11/26/2019,1500,330,0.01,0,543,4.3,64.1,21,23.5,2.8,255,56.1
78,Pomona,Los Angeles Basin,11/26/2019,1600,330,0,0,246,4.4,62.5,23,24,2.6,272,56.1
78,Pomona,Los Angeles Basin,11/26/2019,1700,330,0,0,42,5.2,58,31,28,2.4,301,56.2
78,Pomona,Los Angeles Basin,11/26/2019,1800,330,0,0,0,5.1,56.7,32,27.5,2,183,56.3
78,Pomona,Los Angeles Basin,11/26/2019,1900,330,0,0,2,6.2,54,44,32.5,1.9,171,56.3
78,Pomona,Los Angeles Basin,11/26/2019,2000,330,0,0,3,6.3,55.4,42,32.8,3.1,219,56.4
78,Pomona,Los Angeles Basin,11/26/2019,2100,330,0,0,2,6.8,54.4,47,34.8,2.1,191,56.4
78,Pomona,Los Angeles Basin,11/26/2019,2200,330,0,0,1,7.4,49.9,60,36.7,1,49,56.4
78,Pomona,Los Angeles Basin,11/26/2019,2300,330,0,0,0,7.4,47.3,67,36.9,1,14,56.4
78,Pomona,Los Angeles Basin,11/26/2019,2400,330,0,0,0,7.5,44.7,74,37,1,27,56.3
78,Pomona,Los Angeles Basin,11/27/2019,100,331,0,0,0,7,43.7,72,35.4,1.5,6,56.3
78,Pomona,Los Angeles Basin,11/27/2019,200,331,0,0,0,6.8,47.4,61,34.8,2.5,2,56.2
78,Pomona,Los Angeles Basin,11/27/2019,300,331,0,0,0,7.5,49.1,64,37.2,3.4,20,56
78,Pomona,Los Angeles Basin,11/27/2019,400,331,0,0,0,7,50.1,57,35.3,4.3,36,55.4
78,Pomona,Los Angeles Basin,11/27/2019,500,331,0,0,0,7,50.2,56,35.3,2.4,19,55.5
78,Pomona,Los Angeles Basin,11/27/2019,600,331,0,0,0,7.9,49.9,65,38.5,1.3,8,55.6
78,Pomona,Los Angeles Basin,11/27/2019,700,331,0,0,4,8.6,50.6,68,40.5,1.9,38,55.6
78,Pomona,Los Angeles Basin,11/27/2019,800,331,0,0.01,42,8.6,49.5,71,40.6,3.8,64,55.7
78,Pomona,Los Angeles Basin,11/27/2019,900,331,0,0.02,76,9.9,50.1,80,44.3,3.1,19,55.7
78,Pomona,Los Angeles Basin,11/27/2019,1000,331,0,0.07,104,11.3,50.7,89,47.7,3.9,71,55.7
78,Pomona,Los Angeles Basin,11/27/2019,1100,331,0,0.16,135,11.9,50.8,94,49.2,4.5,227,55.7
78,Pomona,Los Angeles Basin,11/27/2019,1200,331,0,0.09,260,11.4,49.9,93,48,6.7,234,55.6
78,Pomona,Los Angeles Basin,11/27/2019,1300,331,0,0.04,296,10.5,49.1,88,45.8,4.2,243,55.5
78,Pomona,Los Angeles Basin,11/27/2019,1400,331,0,0.02,198,10.5,48.8,89,45.8,1.9,193,55.4
78,Pomona,Los Angeles Basin,11/27/2019,1500,331,0,0.02,68,10.4,48.5,90,45.6,2.1,17,55.4
78,Pomona,Los Angeles Basin,11/27/2019,1600,331,0,0.01,257,10.7,48.9,91,46.4,1.8,82,55.4
78,Pomona,Los Angeles Basin,11/27/2019,1700,331,0,0,26,10.4,47.9,91,45.5,2.2,78,55.4
78,Pomona,Los Angeles Basin,11/27/2019,1800,331,0,0,1,10.4,47.6,93,45.6,2.4,52,55.5
78,Pomona,Los Angeles Basin,11/27/2019,1900,331,0,0.04,0,10.5,47.6,94,45.9,1.7,47,55.5
78,Pomona,Los Angeles Basin,11/27/2019,2000,331,0,0,0,10.5,47.3,95,45.8,1.7,41,55.5
78,Pomona,Los Angeles Basin,11/27/2019,2100,331,0,0.08,0,9.8,46.1,92,44,5.1,332,55.5
78,Pomona,Los Angeles Basin,11/27/2019,2200,331,0,0,0,9.3,44.6,93,42.6,1.7,76,55.4
78,Pomona,Los Angeles Basin,11/27/2019,2300,331,0,0.02,0,9.2,43.7,95,42.3,1.8,7,55.4
78,Pomona,Los Angeles Basin,11/27/2019,2400,331,0,0.01,0,9.4,44.2,95,42.9,1.5,186,55.4
78,Pomona,Los Angeles Basin,11/28/2019,100,332,0,0.01,0,9.7,44.9,95,43.7,3.1,34,55.3
78,Pomona,Los Angeles Basin,11/28/2019,200,332,0,0,0,9.8,45.3,95,44,2.4,47,55.3
78,Pomona,Los Angeles Basin,11/28/2019,300,332,0,0.05,0,10.1,46,96,44.8,3.5,55,55.2
78,Pomona,Los Angeles Basin,11/28/2019,400,332,0,0,0,10.1,45.9,96,44.7,3.9,73,55.1
78,Pomona,Los Angeles Basin,11/28/2019,500,332,0,0,0,10.1,46.3,95,44.9,5.2,58,55.1
78,Pomona,Los Angeles Basin,11/28/2019,600,332,0,0.01,0,10.1,47.3,91,44.8,6.2,81,55
78,Pomona,Los Angeles Basin,11/28/2019,700,332,0,0.01,7,9.7,48,85,43.7,6.7,77,54.9
78,Pomona,Los Angeles Basin,11/28/2019,800,332,0,0.13,10,10,48.1,88,44.6,7.4,87,54.9
78,Pomona,Los Angeles Basin,11/28/2019,900,332,0,0.38,12,10.4,47.6,93,45.6,4.3,267,54.7
78,Pomona,Los Angeles Basin,11/28/2019,1000,332,0,0.11,54,10.5,47.2,95,45.8,3.7,59,54.4
78,Pomona,Los Angeles Basin,11/28/2019,1100,332,0,0.07,92,10.3,47,94,45.3,3.7,73,54.1
78,Pomona,Los Angeles Basin,11/28/2019,1200,332,0,0.14,38,10.2,46.6,95,45.1,4.3,77,54
78,Pomona,Los Angeles Basin,11/28/2019,1300,332,0,0.18,41,9.9,45.9,94,44.3,5.3,61,53.8
78,Pomona,Los Angeles Basin,11/28/2019,1400,332,0,0.19,81,8.8,43.5,92,41.2,6.7,63,53.6
78,Pomona,Los Angeles Basin,11/28/2019,1500,332,0,0.04,105,8.3,42.2,91,39.8,7.8,67,53.3
78,Pomona,Los Angeles Basin,11/28/2019,1600,332,0,0,147,8.2,43,87,39.5,8.2,67,53.2
78,Pomona,Los Angeles Basin,11/28/2019,1700,332,0,0.06,6,8.2,42.6,89,39.4,6.2,72,53.1
78,Pomona,Los Angeles Basin,11/28/2019,1800,332,0,0.07,0,8.5,42.6,91,40.2,6.5,57,53.1
78,Pomona,Los Angeles Basin,11/28/2019,1900,332,0,0.09,0,8.6,42.7,93,40.7,5.2,61,53
78,Pomona,Los Angeles Basin,11/28/2019,2000,332,0,0.03,0,8.8,42.9,93,41.2,5.6,54,52.9
78,Pomona,Los Angeles Basin,11/28/2019,2100,332,0,0.01,0,8.4,42.5,91,40,4,57,52.7
78,Pomona,Los Angeles Basin,11/28/2019,2200,332,0,0.03,0,8.5,42.7,91,40.3,2.4,62,52.6
78,Pomona,Los Angeles Basin,11/28/2019,2300,332,0,0.03,0,8.5,42.3,92,40.2,2.9,57,52.6
78,Pomona,Los Angeles Basin,11/28/2019,2400,332,0,0.06,0,8.7,42.7,93,40.8,3.3,285,52.6
78,Pomona,Los Angeles Basin,11/29/2019,100,333,0,0,0,8.7,42.6,94,41,2.2,45,52.5
78,Pomona,Los Angeles Basin,11/29/2019,200,333,0,0,0,8.1,40.4,95,39.1,1.4,347,52.5
78,Pomona,Los Angeles Basin,11/29/2019,300,333,0,0.01,0,8.5,41,97,40.2,1.3,39,52.2
78,Pomona,Los Angeles Basin,11/29/2019,400,333,0,0.02,0,7.3,37,97,36.3,1.1,33,51.6
78,Pomona,Los Angeles Basin,11/29/2019,500,333,0,0,0,7.3,37.1,97,36.5,1.1,358,51.4
78,Pomona,Los Angeles Basin,11/29/2019,600,333,0,0,0,6.9,35.5,97,34.9,1,30,51.6
78,Pomona,Los Angeles Basin,11/29/2019,700,333,0,0,10,6.6,34.6,97,34,1,12,51.7
78,Pomona,Los Angeles Basin,11/29/2019,800,333,0,0,104,7.3,36.9,98,36.4,1.1,329,51.8
78,Pomona,Los Angeles Basin,11/29/2019,900,333,0,0,300,8.7,41.4,98,41,1.3,61,51.8
78,Pomona,Los Angeles Basin,11/29/2019,1000,333,0.01,0,769,10,46.4,93,44.4,1.8,173,51.8
78,Pomona,Los Angeles Basin,11/29/2019,1100,333,0,0,619,8.7,48.6,74,40.8,5.1,279,51.8
78,Pomona,Los Angeles Basin,11/29/2019,1200,333,0.01,0,1138,8.6,51.4,67,40.6,6.4,271,51.8
78,Pomona,Los Angeles Basin,11/29/2019,1300,333,0.01,0,914,8.3,52.5,62,39.8,6,296,51.8
78,Pomona,Los Angeles Basin,11/29/2019,1400,333,0.01,0,656,7.8,52.8,57,38,5.7,268,51.8
78,Pomona,Los Angeles Basin,11/29/2019,1500,333,0,0,491,7.6,53.4,54,37.4,5,262,51.9
78,Pomona,Los Angeles Basin,11/29/2019,1600,333,0,0,444,7.6,53.3,55,37.6,7.7,244,51.9
78,Pomona,Los Angeles Basin,11/29/2019,1700,333,0,0,56,8.2,50.4,66,39.3,5.5,234,52
78,Pomona,Los Angeles Basin,11/29/2019,1800,333,0,0,2,8.1,48.1,71,39,2.4,241,52.1
78,Pomona,Los Angeles Basin,11/29/2019,1900,333,0,0,0,8.2,44.4,82,39.3,1,18,52.1
78,Pomona,Los Angeles Basin,11/29/2019,2000,333,0,0,0,8.7,44.7,87,41,1.1,56,52.2
78,Pomona,Los Angeles Basin,11/29/2019,2100,333,0,0.05,0,9.3,45.5,90,42.7,2.3,139,52.2
78,Pomona,Los Angeles Basin,11/29/2019,2200,333,0,0,0,9.6,45.1,93,43.3,1.4,263,52.3
78,Pomona,Los Angeles Basin,11/29/2019,2300,333,0,0.04,0,9.1,43.5,95,42.2,1.4,21,52.3
78,Pomona,Los Angeles Basin,11/29/2019,2400,333,0,0,0,8.5,41.3,96,40.3,1.5,20,52.2
78,Pomona,Los Angeles Basin,11/30/2019,100,334,0,0,0,8.9,42.4,97,41.5,2.5,19,52.2
78,Pomona,Los Angeles Basin,11/30/2019,200,334,0,0,0,8.9,42.6,96,41.5,3,22,52.2
78,Pomona,Los Angeles Basin,11/30/2019,300,334,0,0,0,8.7,42.1,95,40.9,2.3,11,52.2
78,Pomona,Los Angeles Basin,11/30/2019,400,334,0,0,0,8.5,41.6,95,40.4,2.6,1,52.1
78,Pomona,Los Angeles Basin,11/30/2019,500,334,0,0,0,8.2,40.5,96,39.3,2.1,316,52.1
78,Pomona,Los Angeles Basin,11/30/2019,600,334,0,0,0,7.9,39.7,96,38.6,2.2,319,52
78,Pomona,Los Angeles Basin,11/30/2019,700,334,0,0,10,7.9,39.7,95,38.5,2.8,4,52
78,Pomona,Los Angeles Basin,11/30/2019,800,334,0,0,245,8.5,42,93,40.2,4.1,31,51.9
78,Pomona,Los Angeles Basin,11/30/2019,900,334,0,0,391,9.1,45.4,88,42.1,3.8,39,51.9
78,Pomona,Los Angeles Basin,11/30/2019,1000,334,0,0,514,9.3,48.1,82,42.7,4,59,51.8
78,Pomona,Los Angeles Basin,11/30/2019,1100,334,0.01,0,704,9.1,51.7,70,42.1,5,98,51.7
78,Pomona,Los Angeles Basin,11/30/2019,1200,334,0.01,0,1076,8.5,54.6,58,40.2,6.1,94,51.7
78,Pomona,Los Angeles Basin,11/30/2019,1300,334,0.01,0,771,7.8,55.9,51,38,5.1,104,51.7
78,Pomona,Los Angeles Basin,11/30/2019,1400,334,0,0,454,7.4,56.3,48,36.9,3.4,98,51.7
78,Pomona,Los Angeles Basin,11/30/2019,1500,334,0,0,314,7.4,56.8,47,36.8,2,117,51.7
78,Pomona,Los Angeles Basin,11/30/2019,1600,334,0,0,90,7.5,56.2,49,37.3,1.2,126,51.8
78,Pomona,Los Angeles Basin,11/30/2019,1700,334,0,0,14,9,53.8,64,41.8,1,51,51.9
78,Pomona,Los Angeles Basin,11/30/2019,1800,334,0,0,0,8.9,52.7,65,41.4,3.1,27,51.9
78,Pomona,Los Angeles Basin,11/30/2019,1900,334,0,0,0,9,51.9,69,41.9,1.8,87,52
78,Pomona,Los Angeles Basin,11/30/2019,2000,334,0,0,1,9,52,68,41.9,2.2,120,52.1
78,Pomona,Los Angeles Basin,11/30/2019,2100,334,0,0,1,9.3,51.8,71,42.6,2.6,41,52.1
78,Pomona,Los Angeles Basin,11/30/2019,2200,334,0,0,1,8.9,51.4,69,41.5,4,46,52.2
78,Pomona,Los Angeles Basin,11/30/2019,2300,334,0,0,1,8.6,51.1,67,40.6,4.4,56,52.2
78,Pomona,Los Angeles Basin,11/30/2019,2400,334,0,0,1,8.8,50.8,70,41.2,3.3,33,52.3
                                                                                                                                                                                                                                                                                                                                                                                                                                                                                                                                                                                                                                                                                                                                                                                                                                                                                                                                                                                                                                                                ,,,,,,,,,,,,,,,
