Stn Id,Stn Name,CIMIS Region,Date,Hour (PST),Jul,ETo (in),qc,Precip (in),qc,Sol Rad (Ly/day),qc,Vap Pres (mBars),qc,Air Temp (F),qc,Rel Hum (%),qc,Dew Point (F),qc,Wind Speed (mph),qc,Wind Dir (0-360),qc,Soil Temp (F),qc
159,Monrovia,Los Angeles Basin,12/1/2019,0100,335,,N,0.00, ,0, ,9.2, ,49.5, ,76, ,42.3, ,1.9, ,345, ,54.2, 
159,Monrovia,Los Angeles Basin,12/1/2019,0200,335,,N,0.00, ,0, ,8.4, ,47.8, ,75, ,40.2, ,2.5, ,348, ,54.1, 
159,Monrovia,Los Angeles Basin,12/1/2019,0300,335,,N,0.00, ,0, ,8.3, ,46.8, ,77, ,39.8, ,1.7, ,352, ,54.1, 
159,Monrovia,Los Angeles Basin,12/1/2019,0400,335,,N,0.00, ,0, ,8.5, ,47.2, ,77, ,40.4, ,2.0, ,347, ,53.9, 
159,Monrovia,Los Angeles Basin,12/1/2019,0500,335,,N,0.00, ,0, ,8.6, ,46.6, ,80, ,40.7, ,1.9, ,357, ,53.8, 
159,Monrovia,Los Angeles Basin,12/1/2019,0600,335,,N,0.00, ,0, ,8.2, ,46.2, ,77, ,39.5, ,2.5, ,357, ,53.7, 
159,Monrovia,Los Angeles Basin,12/1/2019,0700,335,,N,0.00, ,12, ,8.1, ,45.8, ,77, ,39.0, ,2.1, ,357, ,53.6, 
159,Monrovia,Los Angeles Basin,12/1/2019,0800,335,,N,0.00, ,121, ,8.3, ,47.4, ,74, ,39.6, ,2.0, ,2, ,53.5, 
159,Monrovia,Los Angeles Basin,12/1/2019,0900,335,,N,0.00, ,284, ,8.4, ,52.3, ,63, ,40.1, ,2.7, ,45, ,53.4, 
159,Monrovia,Los Angeles Basin,12/1/2019,1000,335,,N,0.00, ,454, ,8.0, ,55.2, ,54, ,38.8, ,4.3, ,32, ,53.3, 
159,Monrovia,Los Angeles Basin,12/1/2019,1100,335,,N,0.00, ,504, ,7.8, ,57.0, ,49, ,38.1, ,3.0, ,227, ,53.4, 
159,Monrovia,Los Angeles Basin,12/1/2019,1200,335,,N,0.00, ,593, ,7.9, ,58.7, ,47, ,38.4, ,2.1, ,278, ,53.5, 
159,Monrovia,Los Angeles Basin,12/1/2019,1300,335,,N,0.00, ,563, ,7.5, ,60.4, ,42, ,37.1, ,2.2, ,270, ,53.8, 
159,Monrovia,Los Angeles Basin,12/1/2019,1400,335,,N,0.00, ,512, ,6.9, ,61.4, ,37, ,35.0, ,2.7, ,343, ,54.2, 
159,Monrovia,Los Angeles Basin,12/1/2019,1500,335,,N,0.00, ,363, ,6.8, ,62.0, ,36, ,34.5, ,2.5, ,7, ,54.6, 
159,Monrovia,Los Angeles Basin,12/1/2019,1600,335,,N,0.00, ,161, ,7.2, ,61.6, ,38, ,35.9, ,1.6, ,354, ,55.0, 
159,Monrovia,Los Angeles Basin,12/1/2019,1700,335,,N,0.00, ,24, ,9.3, ,58.1, ,56, ,42.5, ,1.8, ,4, ,55.3, 
159,Monrovia,Los Angeles Basin,12/1/2019,1800,335,,N,0.00, ,0, ,9.0, ,53.8, ,63, ,41.7, ,2.2, ,3, ,55.5, 
159,Monrovia,Los Angeles Basin,12/1/2019,1900,335,,N,0.00, ,0, ,8.3, ,52.4, ,62, ,39.7, ,2.7, ,1, ,55.6, 
159,Monrovia,Los Angeles Basin,12/1/2019,2000,335,,N,0.00, ,0, ,8.2, ,51.8, ,63, ,39.5, ,2.6, ,0, ,55.6, 
159,Monrovia,Los Angeles Basin,12/1/2019,2100,335,,N,0.00, ,0, ,8.2, ,51.0, ,64, ,39.3, ,2.4, ,4, ,55.5, 
159,Monrovia,Los Angeles Basin,12/1/2019,2200,335,,N,0.00, ,0, ,8.3, ,49.7, ,68, ,39.7, ,2.5, ,6, ,55.3, 
159,Monrovia,Los Angeles Basin,12/1/2019,2300,335,,N,0.00, ,0, ,8.1, ,49.1, ,68, ,39.1, ,2.5, ,345, ,55.2, 
159,Monrovia,Los Angeles Basin,12/1/2019,2400,335,,N,0.00, ,0, ,8.1, ,48.4, ,70, ,38.9, ,2.8, ,358, ,55.0, 
159,Monrovia,Los Angeles Basin,12/2/2019,0100,336,,N,0.00, ,0, ,7.9, ,48.0, ,69, ,38.5, ,2.2, ,355, ,54.8, 
159,Monrovia,Los Angeles Basin,12/2/2019,0200,336,,N,0.00, ,0, ,7.7, ,46.9, ,70, ,37.7, ,2.5, ,10, ,54.7, 
159,Monrovia,Los Angeles Basin,12/2/2019,0300,336,,N,0.00, ,0, ,7.5, ,46.2, ,70, ,37.0, ,2.5, ,2, ,54.5, 
159,Monrovia,Los Angeles Basin,12/2/2019,0400,336,,N,0.00, ,0, ,7.3, ,46.8, ,67, ,36.3, ,2.6, ,0, ,54.3, 
159,Monrovia,Los Angeles Basin,12/2/2019,0500,336,,N,0.00, ,0, ,7.1, ,46.0, ,67, ,35.8, ,2.9, ,4, ,54.1, 
159,Monrovia,Los Angeles Basin,12/2/2019,0600,336,,N,0.00, ,0, ,6.7, ,46.1, ,64, ,34.4, ,3.0, ,354, ,53.9, 
159,Monrovia,Los Angeles Basin,12/2/2019,0700,336,,N,0.00, ,11, ,6.8, ,46.6, ,63, ,34.6, ,2.6, ,354, ,53.7, 
159,Monrovia,Los Angeles Basin,12/2/2019,0800,336,,N,0.00, ,229, ,7.5, ,49.3, ,62, ,37.0, ,1.6, ,353, ,53.5, 
159,Monrovia,Los Angeles Basin,12/2/2019,0900,336,,N,0.00, ,533, ,7.2, ,56.8, ,46, ,36.1, ,2.9, ,346, ,53.4, 
159,Monrovia,Los Angeles Basin,12/2/2019,1000,336,,N,0.00, ,813, ,7.2, ,62.0, ,38, ,36.0, ,4.8, ,351, ,53.3, 
159,Monrovia,Los Angeles Basin,12/2/2019,1100,336,,N,0.00, ,890, ,7.6, ,65.2, ,36, ,37.5, ,3.3, ,302, ,53.4, 
159,Monrovia,Los Angeles Basin,12/2/2019,1200,336,,N,0.00, ,717, ,7.3, ,65.5, ,34, ,36.6, ,3.6, ,341, ,53.7, 
159,Monrovia,Los Angeles Basin,12/2/2019,1300,336,,N,0.00, ,828, ,7.6, ,67.1, ,33, ,37.3, ,2.9, ,326, ,54.2, 
159,Monrovia,Los Angeles Basin,12/2/2019,1400,336,,N,0.00, ,913, ,7.8, ,69.4, ,32, ,38.1, ,2.7, ,292, ,54.7, 
159,Monrovia,Los Angeles Basin,12/2/2019,1500,336,,N,0.00, ,603, ,7.7, ,70.3, ,31, ,37.8, ,3.1, ,310, ,55.3, 
159,Monrovia,Los Angeles Basin,12/2/2019,1600,336,,N,0.00, ,304, ,7.6, ,69.9, ,30, ,37.5, ,3.3, ,282, ,55.8, 
159,Monrovia,Los Angeles Basin,12/2/2019,1700,336,,N,0.00, ,41, ,8.5, ,66.3, ,38, ,40.2, ,2.2, ,320, ,56.3, 
159,Monrovia,Los Angeles Basin,12/2/2019,1800,336,,N,0.00, ,0, ,9.7, ,59.2, ,57, ,43.8, ,2.1, ,353, ,56.7, 
159,Monrovia,Los Angeles Basin,12/2/2019,1900,336,,N,0.00, ,0, ,9.7, ,55.4, ,65, ,43.7, ,2.1, ,356, ,56.9, 
159,Monrovia,Los Angeles Basin,12/2/2019,2000,336,,N,0.00, ,0, ,9.8, ,54.2, ,68, ,44.1, ,2.4, ,1, ,56.9, 
159,Monrovia,Los Angeles Basin,12/2/2019,2100,336,,N,0.00, ,0, ,9.7, ,53.1, ,71, ,43.9, ,2.5, ,354, ,56.8, 
159,Monrovia,Los Angeles Basin,12/2/2019,2200,336,,N,0.00, ,0, ,9.8, ,52.0, ,74, ,43.9, ,2.3, ,353, ,56.7, 
159,Monrovia,Los Angeles Basin,12/2/2019,2300,336,,N,0.00, ,0, ,9.8, ,51.1, ,76, ,43.9, ,1.9, ,3, ,56.6, 
159,Monrovia,Los Angeles Basin,12/2/2019,2400,336,,N,0.00, ,0, ,9.6, ,50.6, ,76, ,43.4, ,2.2, ,2, ,56.4, 
159,Monrovia,Los Angeles Basin,12/3/2019,0100,337,,N,0.00, ,0, ,9.5, ,50.4, ,76, ,43.2, ,2.4, ,358, ,56.2, 
159,Monrovia,Los Angeles Basin,12/3/2019,0200,337,,N,0.00, ,0, ,9.4, ,51.1, ,74, ,43.0, ,2.5, ,6, ,56.0, 
159,Monrovia,Los Angeles Basin,12/3/2019,0300,337,,N,0.00, ,0, ,9.3, ,51.4, ,72, ,42.7, ,2.6, ,360, ,55.8, 
159,Monrovia,Los Angeles Basin,12/3/2019,0400,337,,N,0.00, ,0, ,9.4, ,50.7, ,74, ,42.8, ,2.2, ,2, ,55.7, 
159,Monrovia,Los Angeles Basin,12/3/2019,0500,337,,N,0.00, ,0, ,9.4, ,50.3, ,76, ,42.9, ,2.3, ,12, ,55.5, 
159,Monrovia,Los Angeles Basin,12/3/2019,0600,337,,N,0.00, ,0, ,9.4, ,50.5, ,75, ,42.9, ,2.3, ,360, ,55.4, 
159,Monrovia,Los Angeles Basin,12/3/2019,0700,337,,N,0.00, ,3, ,9.4, ,50.8, ,74, ,42.9, ,2.3, ,4, ,55.3, 
159,Monrovia,Los Angeles Basin,12/3/2019,0800,337,,N,0.00, ,72, ,9.5, ,52.3, ,71, ,43.2, ,2.4, ,5, ,55.2, 
159,Monrovia,Los Angeles Basin,12/3/2019,0900,337,,N,0.00, ,181, ,10.1, ,55.8, ,66, ,44.8, ,1.8, ,8, ,55.1, 
159,Monrovia,Los Angeles Basin,12/3/2019,1000,337,,N,0.00, ,362, ,10.2, ,60.0, ,58, ,45.1, ,2.0, ,312, ,55.0, 
159,Monrovia,Los Angeles Basin,12/3/2019,1100,337,,N,0.00, ,394, ,10.1, ,62.6, ,52, ,44.8, ,1.6, ,298, ,55.1, 
159,Monrovia,Los Angeles Basin,12/3/2019,1200,337,,N,0.00, ,360, ,11.1, ,63.7, ,55, ,47.2, ,1.5, ,350, ,55.3, 
159,Monrovia,Los Angeles Basin,12/3/2019,1300,337,,N,0.00, ,378, ,10.9, ,65.2, ,51, ,46.7, ,2.4, ,340, ,55.5, 
159,Monrovia,Los Angeles Basin,12/3/2019,1400,337,,N,0.00, ,336, ,10.8, ,65.8, ,50, ,46.7, ,2.1, ,279, ,55.9, 
159,Monrovia,Los Angeles Basin,12/3/2019,1500,337,,N,0.00, ,163, ,11.0, ,65.5, ,51, ,47.1, ,2.0, ,322, ,56.2, 
159,Monrovia,Los Angeles Basin,12/3/2019,1600,337,,N,0.00, ,73, ,10.5, ,64.3, ,51, ,45.8, ,1.6, ,333, ,56.6, 
159,Monrovia,Los Angeles Basin,12/3/2019,1700,337,,N,0.00, ,16, ,12.4, ,62.0, ,65, ,50.2, ,2.2, ,360, ,56.9, 
159,Monrovia,Los Angeles Basin,12/3/2019,1800,337,,N,0.00, ,0, ,12.0, ,60.9, ,66, ,49.4, ,1.5, ,346, ,57.1, 
159,Monrovia,Los Angeles Basin,12/3/2019,1900,337,,N,0.00, ,0, ,11.8, ,61.4, ,64, ,49.0, ,2.6, ,339, ,57.2, 
159,Monrovia,Los Angeles Basin,12/3/2019,2000,337,,N,0.00, ,0, ,11.5, ,60.9, ,63, ,48.2, ,2.2, ,350, ,57.2, 
159,Monrovia,Los Angeles Basin,12/3/2019,2100,337,,N,0.00, ,0, ,11.4, ,59.8, ,65, ,47.9, ,2.0, ,351, ,57.2, 
159,Monrovia,Los Angeles Basin,12/3/2019,2200,337,,N,0.00, ,0, ,11.4, ,58.8, ,67, ,47.9, ,2.0, ,357, ,57.2, 
159,Monrovia,Los Angeles Basin,12/3/2019,2300,337,,N,0.00, ,0, ,11.9, ,58.2, ,72, ,49.2, ,1.9, ,358, ,57.2, 
159,Monrovia,Los Angeles Basin,12/3/2019,2400,337,,N,0.00, ,0, ,12.0, ,57.6, ,74, ,49.4, ,2.1, ,359, ,57.2, 
159,Monrovia,Los Angeles Basin,12/4/2019,0100,338,,N,0.00, ,0, ,12.2, ,57.3, ,76, ,49.9, ,1.9, ,6, ,57.2, 
159,Monrovia,Los Angeles Basin,12/4/2019,0200,338,,N,0.00, ,0, ,12.5, ,57.2, ,78, ,50.5, ,2.2, ,2, ,57.1, 
159,Monrovia,Los Angeles Basin,12/4/2019,0300,338,,N,0.00, ,0, ,13.0, ,56.3, ,84, ,51.5, ,1.8, ,4, ,57.1, 
159,Monrovia,Los Angeles Basin,12/4/2019,0400,338,,N,0.05, ,0, ,13.1, ,55.9, ,85, ,51.6, ,2.3, ,16, ,57.1, 
159,Monrovia,Los Angeles Basin,12/4/2019,0500,338,,N,0.04, ,0, ,13.5, ,54.6, ,93, ,52.6, ,2.6, ,29, ,57.1, 
159,Monrovia,Los Angeles Basin,12/4/2019,0600,338,,N,0.02, ,0, ,13.3, ,54.3, ,93, ,52.2, ,4.1, ,261, ,57.1, 
159,Monrovia,Los Angeles Basin,12/4/2019,0700,338,,N,0.02, ,1, ,13.2, ,53.6, ,94, ,52.0, ,3.9, ,36, ,56.9, 
159,Monrovia,Los Angeles Basin,12/4/2019,0800,338,,N,0.07, ,29, ,13.2, ,53.9, ,93, ,51.8, ,3.0, ,51, ,56.7, 
159,Monrovia,Los Angeles Basin,12/4/2019,0900,338,,N,0.03, ,71, ,13.3, ,54.4, ,92, ,52.1, ,6.7, ,75, ,56.6, 
159,Monrovia,Los Angeles Basin,12/4/2019,1000,338,,N,0.03, ,37, ,13.5, ,55.0, ,92, ,52.6, ,4.8, ,82, ,56.5, 
159,Monrovia,Los Angeles Basin,12/4/2019,1100,338,,N,0.02, ,32, ,13.8, ,54.5, ,95, ,53.1, ,3.0, ,61, ,56.0, 
159,Monrovia,Los Angeles Basin,12/4/2019,1200,338,,N,0.03, ,130, ,13.9, ,54.9, ,94, ,53.4, ,3.3, ,71, ,55.9, 
159,Monrovia,Los Angeles Basin,12/4/2019,1300,338,,N,0.04, ,475, ,14.6, ,56.0, ,95, ,54.7, ,2.2, ,69, ,56.1, 
159,Monrovia,Los Angeles Basin,12/4/2019,1400,338,,N,0.05, ,393, ,15.1, ,57.4, ,94, ,55.6, ,3.6, ,82, ,56.4, 
159,Monrovia,Los Angeles Basin,12/4/2019,1500,338,,N,0.04, ,220, ,15.1, ,57.9, ,92, ,55.6, ,2.7, ,73, ,56.7, 
159,Monrovia,Los Angeles Basin,12/4/2019,1600,338,,N,0.03, ,66, ,15.2, ,57.7, ,93, ,55.9, ,2.7, ,78, ,57.1, 
159,Monrovia,Los Angeles Basin,12/4/2019,1700,338,,N,0.02, ,9, ,15.3, ,57.2, ,96, ,56.0, ,1.8, ,23, ,57.4, 
159,Monrovia,Los Angeles Basin,12/4/2019,1800,338,,N,0.02, ,0, ,15.4, ,57.3, ,96, ,56.1, ,1.4, ,344, ,57.7, 
159,Monrovia,Los Angeles Basin,12/4/2019,1900,338,,N,0.02, ,0, ,15.6, ,57.7, ,96, ,56.5, ,3.5, ,224, ,57.7, 
159,Monrovia,Los Angeles Basin,12/4/2019,2000,338,,N,0.01, ,0, ,15.1, ,56.7, ,96, ,55.6, ,1.2, ,339, ,57.8, 
159,Monrovia,Los Angeles Basin,12/4/2019,2100,338,,N,0.00, ,0, ,14.4, ,55.2, ,97, ,54.4, ,1.3, ,311, ,57.8, 
159,Monrovia,Los Angeles Basin,12/4/2019,2200,338,,N,0.01, ,0, ,14.1, ,54.5, ,97, ,53.7, ,1.4, ,328, ,57.7, 
159,Monrovia,Los Angeles Basin,12/4/2019,2300,338,,N,0.01, ,0, ,13.5, ,53.2, ,97, ,52.5, ,1.2, ,357, ,57.7, 
159,Monrovia,Los Angeles Basin,12/4/2019,2400,338,,N,0.01, ,0, ,13.3, ,52.8, ,98, ,52.1, ,1.4, ,328, ,57.6, 
159,Monrovia,Los Angeles Basin,12/5/2019,0100,339,,N,0.01,R,0, ,13.6, ,53.3, ,98, ,52.7, ,1.1, ,337, ,57.4, 
159,Monrovia,Los Angeles Basin,12/5/2019,0200,339,,N,0.01, ,0, ,13.7, ,53.4, ,98, ,52.9, ,1.1, ,3, ,57.3, 
159,Monrovia,Los Angeles Basin,12/5/2019,0300,339,,N,0.01, ,0, ,13.4, ,52.8, ,98, ,52.3, ,1.2, ,354, ,57.2, 
159,Monrovia,Los Angeles Basin,12/5/2019,0400,339,,N,0.01, ,0, ,12.4, ,50.8, ,98, ,50.2, ,1.6, ,339, ,57.1, 
159,Monrovia,Los Angeles Basin,12/5/2019,0500,339,,N,0.01, ,0, ,11.8, ,49.5, ,98, ,49.0, ,1.9, ,327, ,57.0, 
159,Monrovia,Los Angeles Basin,12/5/2019,0600,339,,N,0.01, ,0, ,11.6, ,49.0, ,98, ,48.5, ,1.9, ,321, ,56.9, 
159,Monrovia,Los Angeles Basin,12/5/2019,0700,339,,N,0.01, ,11, ,11.5, ,48.8, ,98, ,48.2, ,1.7, ,343, ,56.7, 
159,Monrovia,Los Angeles Basin,12/5/2019,0800,339,,N,0.01,R,108, ,12.0, ,49.9, ,98, ,49.3, ,1.3, ,347, ,56.5, 
159,Monrovia,Los Angeles Basin,12/5/2019,0900,339,,N,0.02, ,479, ,13.2, ,53.4, ,95, ,52.0, ,2.1, ,89, ,56.3, 
159,Monrovia,Los Angeles Basin,12/5/2019,1000,339,,N,0.02, ,768, ,12.2, ,57.7, ,75, ,49.7, ,3.7, ,79, ,56.2, 
159,Monrovia,Los Angeles Basin,12/5/2019,1100,339,,N,0.02,Y,1034, ,12.9, ,61.2, ,70, ,51.3, ,3.5, ,79, ,56.2, 
159,Monrovia,Los Angeles Basin,12/5/2019,1200,339,,N,0.01,Y,1091, ,12.8, ,62.7, ,66, ,51.1, ,4.3, ,177, ,56.5, 
159,Monrovia,Los Angeles Basin,12/5/2019,1300,339,,N,0.02,Y,1083, ,12.8, ,63.8, ,63, ,51.1, ,3.7, ,261, ,56.9, 
159,Monrovia,Los Angeles Basin,12/5/2019,1400,339,,N,0.02, ,830, ,12.2, ,64.7, ,59, ,49.9, ,3.7, ,239, ,57.5, 
159,Monrovia,Los Angeles Basin,12/5/2019,1500,339,,N,0.02, ,460, ,11.8, ,65.0, ,56, ,49.0, ,2.8, ,274, ,58.1, 
159,Monrovia,Los Angeles Basin,12/5/2019,1600,339,,N,0.03, ,219, ,11.6, ,64.7, ,56, ,48.5, ,2.6, ,263, ,58.6, 
159,Monrovia,Los Angeles Basin,12/5/2019,1700,339,,N,0.03, ,33, ,12.6, ,62.1, ,66, ,50.7, ,2.0, ,359, ,59.0, 
159,Monrovia,Los Angeles Basin,12/5/2019,1800,339,,N,0.02, ,0, ,12.9, ,58.4, ,78, ,51.4, ,2.5, ,360, ,59.2, 
159,Monrovia,Los Angeles Basin,12/5/2019,1900,339,,N,0.02, ,0, ,12.7, ,56.8, ,81, ,51.0, ,2.3, ,358, ,59.3, 
159,Monrovia,Los Angeles Basin,12/5/2019,2000,339,,N,0.01, ,0, ,12.4, ,55.5, ,83, ,50.3, ,2.5, ,4, ,59.3, 
159,Monrovia,Los Angeles Basin,12/5/2019,2100,339,,N,0.01, ,0, ,12.3, ,54.6, ,84, ,50.0, ,2.0, ,359, ,59.1, 
159,Monrovia,Los Angeles Basin,12/5/2019,2200,339,,N,0.01, ,0, ,12.2, ,53.7, ,87, ,49.9, ,2.0, ,25, ,58.9, 
159,Monrovia,Los Angeles Basin,12/5/2019,2300,339,,N,0.01, ,0, ,11.9, ,53.2, ,86, ,49.2, ,1.8, ,2, ,58.7, 
159,Monrovia,Los Angeles Basin,12/5/2019,2400,339,,N,0.00, ,0, ,11.6, ,53.7, ,82, ,48.5, ,2.4, ,2, ,58.5, 
159,Monrovia,Los Angeles Basin,12/6/2019,0100,340,,N,0.00, ,0, ,11.5, ,53.1, ,83, ,48.2, ,2.3, ,332, ,58.3, 
159,Monrovia,Los Angeles Basin,12/6/2019,0200,340,,N,0.00, ,0, ,11.4, ,52.5, ,85, ,48.0, ,2.7, ,316, ,58.1, 
159,Monrovia,Los Angeles Basin,12/6/2019,0300,340,,N,0.00, ,0, ,11.2, ,53.2, ,81, ,47.4, ,3.1, ,349, ,57.9, 
159,Monrovia,Los Angeles Basin,12/6/2019,0400,340,,N,0.00, ,0, ,11.1, ,52.1, ,83, ,47.2, ,2.8, ,350, ,57.8, 
159,Monrovia,Los Angeles Basin,12/6/2019,0500,340,,N,0.00, ,0, ,10.6, ,52.9, ,77, ,46.0, ,2.2, ,27, ,57.6, 
159,Monrovia,Los Angeles Basin,12/6/2019,0600,340,,N,0.00, ,0, ,10.5, ,50.1, ,85, ,45.8, ,2.5, ,341, ,57.4, 
159,Monrovia,Los Angeles Basin,12/6/2019,0700,340,,N,0.00, ,7, ,10.4, ,48.5, ,89, ,45.5, ,2.4, ,26, ,57.3, 
159,Monrovia,Los Angeles Basin,12/6/2019,0800,340,,N,0.00, ,152, ,10.6, ,51.1, ,83, ,46.1, ,1.9, ,6, ,57.1, 
159,Monrovia,Los Angeles Basin,12/6/2019,0900,340,,N,0.00, ,502, ,10.2, ,59.9, ,58, ,45.1, ,3.8, ,64, ,56.8, 
159,Monrovia,Los Angeles Basin,12/6/2019,1000,340,,N,0.00, ,667, ,9.6, ,64.0, ,47, ,43.5, ,6.8, ,40, ,56.7, 
159,Monrovia,Los Angeles Basin,12/6/2019,1100,340,,N,0.00, ,835, ,10.1, ,66.8, ,45, ,44.7, ,5.7, ,109, ,56.7, 
159,Monrovia,Los Angeles Basin,12/6/2019,1200,340,,N,0.00, ,603, ,9.9, ,67.2, ,44, ,44.2, ,5.3, ,125, ,56.9, 
159,Monrovia,Los Angeles Basin,12/6/2019,1300,340,,N,0.00, ,498, ,9.7, ,67.4, ,42, ,43.8, ,2.3, ,317, ,57.2, 
159,Monrovia,Los Angeles Basin,12/6/2019,1400,340,,N,0.00, ,159, ,9.7, ,67.1, ,43, ,43.9, ,2.2, ,309, ,57.5, 
159,Monrovia,Los Angeles Basin,12/6/2019,1500,340,,N,0.00, ,70, ,12.8, ,63.8, ,64, ,51.2, ,2.9, ,32, ,57.9, 
159,Monrovia,Los Angeles Basin,12/6/2019,1600,340,,N,0.00, ,65, ,13.6, ,61.1, ,74, ,52.8, ,3.4, ,25, ,58.2, 
159,Monrovia,Los Angeles Basin,12/6/2019,1700,340,,N,0.00, ,26, ,14.6, ,60.7, ,80, ,54.6, ,2.2, ,323, ,58.4, 
159,Monrovia,Los Angeles Basin,12/6/2019,1800,340,,N,0.00, ,2, ,14.6, ,60.3, ,81, ,54.6, ,2.2, ,21, ,58.6, 
159,Monrovia,Los Angeles Basin,12/6/2019,1900,340,,N,0.00, ,1, ,14.7, ,59.8, ,84, ,54.9, ,2.6, ,286, ,58.6, 
159,Monrovia,Los Angeles Basin,12/6/2019,2000,340,,N,0.00, ,0, ,14.5, ,59.1, ,85, ,54.5, ,2.3, ,47, ,58.7, 
159,Monrovia,Los Angeles Basin,12/6/2019,2100,340,,N,0.00, ,0, ,14.7, ,59.2, ,85, ,54.8, ,3.5, ,291, ,58.7, 
159,Monrovia,Los Angeles Basin,12/6/2019,2200,340,,N,0.00, ,0, ,14.0, ,59.6, ,80, ,53.6, ,3.3, ,317, ,58.7, 
159,Monrovia,Los Angeles Basin,12/6/2019,2300,340,,N,0.00, ,0, ,13.7, ,59.5, ,79, ,53.0, ,2.0, ,304, ,58.7, 
159,Monrovia,Los Angeles Basin,12/6/2019,2400,340,,N,0.00, ,0, ,13.7, ,59.6, ,79, ,53.0, ,2.8, ,349, ,58.7, 
159,Monrovia,Los Angeles Basin,12/7/2019,0100,341,,N,0.00, ,0, ,14.2, ,59.2, ,83, ,53.9, ,2.7, ,309, ,58.6, 
159,Monrovia,Los Angeles Basin,12/7/2019,0200,341,,N,0.00, ,0, ,15.0, ,57.5, ,93, ,55.5, ,1.7, ,50, ,58.6, 
159,Monrovia,Los Angeles Basin,12/7/2019,0300,341,,N,0.00, ,0, ,15.1, ,57.2, ,95, ,55.7, ,1.9, ,44, ,58.6, 
159,Monrovia,Los Angeles Basin,12/7/2019,0400,341,,N,0.00, ,0, ,15.3, ,57.8, ,93, ,55.9, ,1.7, ,255, ,58.6, 
159,Monrovia,Los Angeles Basin,12/7/2019,0500,341,,N,0.00, ,0, ,15.4, ,57.8, ,94, ,56.2, ,2.0, ,46, ,58.6, 
159,Monrovia,Los Angeles Basin,12/7/2019,0600,341,,N,0.00, ,0, ,15.4, ,57.7, ,94, ,56.1, ,2.4, ,58, ,58.6, 
159,Monrovia,Los Angeles Basin,12/7/2019,0700,341,,N,0.00, ,2, ,15.6, ,57.7, ,96, ,56.4, ,1.9, ,12, ,58.6, 
159,Monrovia,Los Angeles Basin,12/7/2019,0800,341,,N,0.00, ,20, ,16.1, ,58.4, ,97, ,57.4, ,1.3, ,314, ,58.6, 
159,Monrovia,Los Angeles Basin,12/7/2019,0900,341,,N,0.00, ,253, ,16.6, ,59.4, ,96, ,58.2, ,2.9, ,103, ,58.6, 
159,Monrovia,Los Angeles Basin,12/7/2019,1000,341,,N,0.00, ,236, ,16.3, ,60.9, ,89, ,57.7, ,3.1, ,66, ,58.7, 
159,Monrovia,Los Angeles Basin,12/7/2019,1100,341,,N,0.00, ,202, ,16.8, ,62.0, ,88, ,58.6, ,1.7, ,261, ,58.8, 
159,Monrovia,Los Angeles Basin,12/7/2019,1200,341,,N,0.00, ,255, ,17.2, ,62.1, ,90, ,59.2, ,2.5, ,137, ,59.0, 
159,Monrovia,Los Angeles Basin,12/7/2019,1300,341,,N,0.00, ,163, ,17.0, ,62.2, ,89, ,59.0, ,1.5, ,55, ,59.2, 
159,Monrovia,Los Angeles Basin,12/7/2019,1400,341,,N,0.00, ,121, ,17.1, ,62.6, ,88, ,59.0, ,2.3, ,352, ,59.4, 
159,Monrovia,Los Angeles Basin,12/7/2019,1500,341,,N,0.00, ,130, ,16.5, ,61.9, ,87, ,58.1, ,2.3, ,18, ,59.6, 
159,Monrovia,Los Angeles Basin,12/7/2019,1600,341,,N,0.00, ,35, ,16.6, ,61.5, ,89, ,58.3, ,1.7, ,339, ,59.8, 
159,Monrovia,Los Angeles Basin,12/7/2019,1700,341,,N,0.00, ,4, ,16.2, ,60.6, ,90, ,57.6, ,1.8, ,39, ,60.0, 
159,Monrovia,Los Angeles Basin,12/7/2019,1800,341,,N,0.00, ,0, ,16.2, ,60.3, ,90, ,57.5, ,1.7, ,45, ,60.1, 
159,Monrovia,Los Angeles Basin,12/7/2019,1900,341,,N,0.00, ,0, ,16.1, ,59.9, ,91, ,57.3, ,1.9, ,319, ,60.1, 
159,Monrovia,Los Angeles Basin,12/7/2019,2000,341,,N,0.00, ,0, ,16.1, ,59.6, ,93, ,57.4, ,2.3, ,209, ,60.2, 
159,Monrovia,Los Angeles Basin,12/7/2019,2100,341,,N,0.00, ,0, ,16.0, ,58.4, ,96, ,57.2, ,2.1, ,251, ,60.1, 
159,Monrovia,Los Angeles Basin,12/7/2019,2200,341,,N,0.00, ,1, ,15.8, ,57.7, ,97, ,56.9, ,1.6, ,207, ,60.1, 
159,Monrovia,Los Angeles Basin,12/7/2019,2300,341,,N,0.00, ,1, ,15.9, ,57.7, ,97, ,57.0, ,1.8, ,263, ,60.1, 
159,Monrovia,Los Angeles Basin,12/7/2019,2400,341,,N,0.00, ,0, ,15.9, ,57.6, ,98, ,57.0, ,1.4, ,262, ,60.0, 
159,Monrovia,Los Angeles Basin,12/8/2019,0100,342,,N,0.00, ,0, ,15.9, ,57.6, ,98, ,57.1, ,1.4, ,272, ,60.0, 
159,Monrovia,Los Angeles Basin,12/8/2019,0200,342,,N,0.00, ,1, ,16.0, ,57.7, ,98, ,57.2, ,1.0, ,288, ,59.9, 
159,Monrovia,Los Angeles Basin,12/8/2019,0300,342,,N,0.00, ,1, ,16.0, ,57.7, ,98, ,57.2, ,1.0,I,335, ,59.9, 
159,Monrovia,Los Angeles Basin,12/8/2019,0400,342,,N,0.00, ,1, ,16.0, ,57.6, ,98, ,57.2, ,1.1, ,57, ,59.8, 
159,Monrovia,Los Angeles Basin,12/8/2019,0500,342,,N,0.00, ,0, ,15.7, ,57.2, ,99, ,56.8, ,1.1, ,299, ,59.8, 
159,Monrovia,Los Angeles Basin,12/8/2019,0600,342,,N,0.00, ,0, ,15.6, ,56.9, ,99, ,56.5, ,1.2, ,331, ,59.8, 
159,Monrovia,Los Angeles Basin,12/8/2019,0700,342,,N,0.00, ,3, ,15.2, ,56.2, ,99, ,55.8, ,1.2, ,342, ,59.7, 
159,Monrovia,Los Angeles Basin,12/8/2019,0800,342,,N,0.00, ,88, ,15.2, ,56.1, ,99, ,55.8, ,1.0, ,301, ,59.7, 
159,Monrovia,Los Angeles Basin,12/8/2019,0900,342,,N,0.00, ,326, ,16.0, ,57.5, ,99, ,57.2, ,1.1, ,65, ,59.6, 
159,Monrovia,Los Angeles Basin,12/8/2019,1000,342,,N,0.00, ,258, ,16.3, ,58.4, ,98, ,57.8, ,2.6, ,121, ,59.6, 
159,Monrovia,Los Angeles Basin,12/8/2019,1100,342,,N,0.00, ,432, ,15.9, ,59.5, ,91, ,57.0, ,2.1, ,115, ,59.6, 
159,Monrovia,Los Angeles Basin,12/8/2019,1200,342,,N,0.00, ,531, ,15.3, ,61.0, ,84, ,56.0, ,2.2, ,130, ,59.8, 
159,Monrovia,Los Angeles Basin,12/8/2019,1300,342,,N,0.00, ,566, ,14.4, ,62.5, ,74, ,54.3, ,4.0, ,193, ,60.0, 
159,Monrovia,Los Angeles Basin,12/8/2019,1400,342,,N,0.01, ,437, ,15.5, ,60.3, ,87, ,56.3, ,5.2, ,207, ,60.3, 
159,Monrovia,Los Angeles Basin,12/8/2019,1500,342,,N,0.01, ,352, ,15.5, ,60.6, ,86, ,56.4, ,5.2, ,212, ,60.6, 
159,Monrovia,Los Angeles Basin,12/8/2019,1600,342,,N,0.00, ,97, ,15.5, ,60.1, ,87, ,56.3, ,2.6, ,210, ,60.9, 
159,Monrovia,Los Angeles Basin,12/8/2019,1700,342,,N,0.01, ,78, ,14.6, ,59.9, ,83, ,54.8, ,4.8, ,188, ,61.1, 
159,Monrovia,Los Angeles Basin,12/8/2019,1800,342,,N,0.00, ,0, ,13.4, ,58.0, ,81, ,52.3, ,3.7, ,209, ,61.2, 
159,Monrovia,Los Angeles Basin,12/8/2019,1900,342,,N,0.00, ,0, ,13.5, ,57.3, ,84, ,52.5, ,1.9, ,130, ,61.2, 
159,Monrovia,Los Angeles Basin,12/8/2019,2000,342,,N,0.00, ,1, ,13.9, ,56.2, ,90, ,53.3, ,1.9, ,47, ,61.1, 
159,Monrovia,Los Angeles Basin,12/8/2019,2100,342,,N,0.00, ,0, ,13.7, ,55.0, ,93, ,52.9, ,1.5, ,359, ,60.9, 
159,Monrovia,Los Angeles Basin,12/8/2019,2200,342,,N,0.00, ,0, ,13.6, ,54.4, ,94, ,52.7, ,1.7, ,314, ,60.8, 
159,Monrovia,Los Angeles Basin,12/8/2019,2300,342,,N,0.00, ,0, ,13.3, ,54.2, ,93, ,52.2, ,1.7, ,321, ,60.6, 
159,Monrovia,Los Angeles Basin,12/8/2019,2400,342,,N,0.00, ,0, ,12.7, ,53.1, ,93, ,51.0, ,2.0, ,329, ,60.4, 
159,Monrovia,Los Angeles Basin,12/9/2019,0100,343,,N,0.00, ,0, ,11.9, ,50.9, ,93, ,49.1, ,1.8, ,5, ,60.3, 
159,Monrovia,Los Angeles Basin,12/9/2019,0200,343,,N,0.00, ,0, ,11.4, ,49.5, ,95, ,48.0, ,1.6, ,7, ,60.1, 
159,Monrovia,Los Angeles Basin,12/9/2019,0300,343,,N,0.00, ,0, ,11.1, ,48.7, ,95, ,47.3, ,1.5, ,11, ,59.8, 
159,Monrovia,Los Angeles Basin,12/9/2019,0400,343,,N,0.00, ,0, ,10.9, ,48.1, ,95, ,46.8, ,1.8, ,324, ,59.6, 
159,Monrovia,Los Angeles Basin,12/9/2019,0500,343,,N,0.00, ,0, ,10.7, ,47.6, ,95, ,46.4, ,2.2, ,330, ,59.3, 
159,Monrovia,Los Angeles Basin,12/9/2019,0600,343,,N,0.00, ,0, ,10.5, ,47.0, ,95, ,45.7, ,1.8, ,342, ,59.0, 
159,Monrovia,Los Angeles Basin,12/9/2019,0700,343,,N,0.00, ,6, ,10.1, ,46.0, ,96, ,44.9, ,1.8, ,322, ,58.7, 
159,Monrovia,Los Angeles Basin,12/9/2019,0800,343,,N,0.00, ,190, ,10.8, ,47.8, ,95, ,46.6, ,1.5, ,23, ,58.4, 
159,Monrovia,Los Angeles Basin,12/9/2019,0900,343,,N,0.00, ,510, ,11.3, ,52.9, ,83, ,47.8, ,2.2, ,117, ,58.1, 
159,Monrovia,Los Angeles Basin,12/9/2019,1000,343,,N,0.00, ,791, ,11.8, ,56.2, ,77, ,49.0, ,3.0, ,118, ,57.9, 
159,Monrovia,Los Angeles Basin,12/9/2019,1100,343,,N,0.00, ,1002, ,12.8, ,58.0, ,78, ,51.1, ,3.9, ,158, ,57.8, 
159,Monrovia,Los Angeles Basin,12/9/2019,1200,343,,N,0.00, ,1081, ,12.4, ,60.7, ,69, ,50.3, ,4.3, ,154, ,58.0, 
159,Monrovia,Los Angeles Basin,12/9/2019,1300,343,,N,0.00, ,1068, ,11.6, ,62.8, ,59, ,48.4, ,3.4, ,129, ,58.4, 
159,Monrovia,Los Angeles Basin,12/9/2019,1400,343,,N,0.00,Y,911, ,11.0, ,64.7, ,52, ,47.0, ,3.4, ,160, ,58.8, 
159,Monrovia,Los Angeles Basin,12/9/2019,1500,343,,N,0.00, ,646, ,11.2, ,65.2, ,53, ,47.6, ,3.2, ,143, ,59.3, 
159,Monrovia,Los Angeles Basin,12/9/2019,1600,343,,N,0.00, ,321, ,11.6, ,65.2, ,55, ,48.6, ,3.2, ,168, ,59.8, 
159,Monrovia,Los Angeles Basin,12/9/2019,1700,343,,N,0.00, ,45, ,11.9, ,62.9, ,61, ,49.1, ,2.4, ,240, ,60.1, 
159,Monrovia,Los Angeles Basin,12/9/2019,1800,343,,N,0.00, ,0, ,12.5, ,57.7, ,77, ,50.4, ,2.8, ,329, ,60.4, 
159,Monrovia,Los Angeles Basin,12/9/2019,1900,343,,N,0.00, ,0, ,12.1, ,55.9, ,80, ,49.7, ,2.4, ,321, ,60.4, 
159,Monrovia,Los Angeles Basin,12/9/2019,2000,343,,N,0.00, ,0, ,11.9, ,54.0, ,84, ,49.2, ,2.2, ,353, ,60.4, 
159,Monrovia,Los Angeles Basin,12/9/2019,2100,343,,N,0.00, ,0, ,11.7, ,52.1, ,88, ,48.7, ,1.7, ,342, ,60.2, 
159,Monrovia,Los Angeles Basin,12/9/2019,2200,343,,N,0.00, ,0, ,11.6, ,51.1, ,90, ,48.4, ,2.0, ,346, ,60.0, 
159,Monrovia,Los Angeles Basin,12/9/2019,2300,343,,N,0.00, ,0, ,11.4, ,50.4, ,91, ,47.9, ,2.4, ,337, ,59.7, 
159,Monrovia,Los Angeles Basin,12/9/2019,2400,343,,N,0.00, ,0, ,10.9, ,49.2, ,92, ,46.9, ,2.1, ,325, ,59.5, 
159,Monrovia,Los Angeles Basin,12/10/2019,0100,344,,N,0.00, ,0, ,10.5, ,47.8, ,93, ,45.7, ,2.3, ,322, ,59.2, 
159,Monrovia,Los Angeles Basin,12/10/2019,0200,344,,N,0.00, ,0, ,10.2, ,47.0, ,93, ,44.9, ,2.4, ,328, ,58.9, 
159,Monrovia,Los Angeles Basin,12/10/2019,0300,344,,N,0.00, ,0, ,9.8, ,46.8, ,90, ,44.0, ,2.2, ,339, ,58.6, 
159,Monrovia,Los Angeles Basin,12/10/2019,0400,344,,N,0.00, ,0, ,9.4, ,46.5, ,88, ,43.0, ,2.1, ,317, ,58.3, 
159,Monrovia,Los Angeles Basin,12/10/2019,0500,344,,N,0.00, ,0, ,9.3, ,45.2, ,91, ,42.6, ,2.6, ,335, ,58.0, 
159,Monrovia,Los Angeles Basin,12/10/2019,0600,344,,N,0.00, ,0, ,9.1, ,45.1, ,89, ,42.0, ,2.4, ,302, ,57.7, 
159,Monrovia,Los Angeles Basin,12/10/2019,0700,344,,N,0.00, ,11, ,8.9, ,44.4, ,90, ,41.5, ,2.1, ,328, ,57.4, 
159,Monrovia,Los Angeles Basin,12/10/2019,0800,344,,N,0.00, ,262, ,9.5, ,47.8, ,84, ,43.3, ,1.8, ,7, ,57.2, 
159,Monrovia,Los Angeles Basin,12/10/2019,0900,344,,N,0.00, ,399, ,9.3, ,54.7, ,64, ,42.6, ,1.9, ,113, ,56.9, 
159,Monrovia,Los Angeles Basin,12/10/2019,1000,344,,N,0.00, ,392, ,9.5, ,57.0, ,60, ,43.1, ,1.7, ,241, ,56.7, 
159,Monrovia,Los Angeles Basin,12/10/2019,1100,344,,N,0.00, ,795, ,8.3, ,60.7, ,46, ,39.8, ,2.7, ,149, ,56.7, 
159,Monrovia,Los Angeles Basin,12/10/2019,1200,344,,N,0.00, ,669, ,8.9, ,62.3, ,47, ,41.6, ,2.8, ,164, ,56.9, 
159,Monrovia,Los Angeles Basin,12/10/2019,1300,344,,N,0.00, ,974, ,9.3, ,64.3, ,45, ,42.5, ,2.6, ,40, ,57.2, 
159,Monrovia,Los Angeles Basin,12/10/2019,1400,344,,N,0.00,Y,909, ,8.3, ,66.3, ,38, ,39.8, ,3.4, ,153, ,57.6, 
159,Monrovia,Los Angeles Basin,12/10/2019,1500,344,,N,0.00, ,610, ,8.2, ,67.2, ,36, ,39.4, ,2.8, ,202, ,58.1, 
159,Monrovia,Los Angeles Basin,12/10/2019,1600,344,,N,0.00, ,198, ,8.3, ,66.5, ,37, ,39.7, ,2.5, ,293, ,58.6, 
159,Monrovia,Los Angeles Basin,12/10/2019,1700,344,,N,0.00, ,27, ,10.2, ,61.6, ,54, ,45.0, ,2.2, ,354, ,59.0, 
159,Monrovia,Los Angeles Basin,12/10/2019,1800,344,,N,0.00, ,0, ,10.5, ,58.0, ,64, ,45.8, ,2.6, ,2, ,59.2, 
159,Monrovia,Los Angeles Basin,12/10/2019,1900,344,,N,0.00, ,0, ,10.0, ,54.9, ,68, ,44.7, ,2.4, ,18, ,59.3, 
159,Monrovia,Los Angeles Basin,12/10/2019,2000,344,,N,0.00, ,0, ,9.8, ,52.5, ,73, ,44.0, ,2.0, ,357, ,59.2, 
159,Monrovia,Los Angeles Basin,12/10/2019,2100,344,,N,0.00, ,0, ,9.6, ,50.5, ,76, ,43.4, ,2.6, ,5, ,59.1, 
159,Monrovia,Los Angeles Basin,12/10/2019,2200,344,,N,0.00, ,0, ,9.3, ,48.8, ,79, ,42.5, ,2.7, ,359, ,58.9, 
159,Monrovia,Los Angeles Basin,12/10/2019,2300,344,,N,0.00, ,0, ,9.1, ,47.8, ,80, ,42.1, ,2.3, ,354, ,58.6, 
159,Monrovia,Los Angeles Basin,12/10/2019,2400,344,,N,0.00, ,0, ,8.7, ,47.9, ,77, ,41.0, ,2.4, ,352, ,58.3, 
159,Monrovia,Los Angeles Basin,12/11/2019,0100,345,,N,0.00, ,0, ,8.4, ,46.3, ,79, ,40.1, ,2.7, ,357, ,58.0, 
159,Monrovia,Los Angeles Basin,12/11/2019,0200,345,,N,0.00, ,0, ,8.3, ,46.4, ,77, ,39.7, ,2.6, ,347, ,57.7, 
159,Monrovia,Los Angeles Basin,12/11/2019,0300,345,,N,0.00, ,0, ,8.3, ,45.9, ,79, ,39.8, ,2.5, ,4, ,57.4, 
159,Monrovia,Los Angeles Basin,12/11/2019,0400,345,,N,0.00, ,0, ,8.0, ,45.4, ,78, ,38.8, ,2.7, ,345, ,57.1, 
159,Monrovia,Los Angeles Basin,12/11/2019,0500,345,,N,0.00, ,0, ,8.0, ,44.9, ,79, ,38.8, ,3.0, ,347, ,56.9, 
159,Monrovia,Los Angeles Basin,12/11/2019,0600,345,,N,0.00, ,0, ,8.0, ,44.4, ,80, ,38.7, ,2.2, ,339, ,56.6, 
159,Monrovia,Los Angeles Basin,12/11/2019,0700,345,,N,0.00, ,7, ,8.0, ,43.7, ,83, ,38.8, ,2.6, ,350, ,56.4, 
159,Monrovia,Los Angeles Basin,12/11/2019,0800,345,,N,0.00, ,213, ,8.4, ,47.3, ,75, ,39.9, ,1.9, ,335, ,56.1, 
159,Monrovia,Los Angeles Basin,12/11/2019,0900,345,,N,0.00, ,357, ,8.6, ,53.9, ,60, ,40.5, ,1.7, ,107, ,55.9, 
159,Monrovia,Los Angeles Basin,12/11/2019,1000,345,,N,0.00, ,782, ,7.4, ,58.6, ,44, ,36.8, ,4.3, ,113, ,55.7, 
159,Monrovia,Los Angeles Basin,12/11/2019,1100,345,,N,0.00, ,878, ,7.8, ,61.5, ,42, ,38.1, ,3.5, ,142, ,55.7, 
159,Monrovia,Los Angeles Basin,12/11/2019,1200,345,,N,0.00, ,914, ,8.3, ,63.5, ,41, ,39.6, ,3.2, ,192, ,55.9, 
159,Monrovia,Los Angeles Basin,12/11/2019,1300,345,,N,0.00, ,678, ,7.9, ,64.0, ,39, ,38.6, ,2.9, ,251, ,56.3, 
159,Monrovia,Los Angeles Basin,12/11/2019,1400,345,,N,0.00, ,709, ,7.9, ,65.1, ,37, ,38.5, ,3.2, ,236, ,56.8, 
159,Monrovia,Los Angeles Basin,12/11/2019,1500,345,,N,0.00, ,571, ,8.0, ,66.0, ,37, ,38.8, ,2.8, ,264, ,57.2, 
159,Monrovia,Los Angeles Basin,12/11/2019,1600,345,,N,0.00, ,402, ,8.4, ,66.6, ,38, ,40.0, ,2.8, ,274, ,57.7, 
159,Monrovia,Los Angeles Basin,12/11/2019,1700,345,,N,0.00, ,38, ,9.5, ,63.3, ,48, ,43.1, ,1.9, ,353, ,58.0, 
159,Monrovia,Los Angeles Basin,12/11/2019,1800,345,,N,0.00, ,0, ,10.3, ,57.4, ,64, ,45.4, ,2.4, ,18, ,58.3, 
159,Monrovia,Los Angeles Basin,12/11/2019,1900,345,,N,0.00, ,0, ,10.5, ,55.0, ,71, ,45.8, ,2.3, ,7, ,58.5, 
159,Monrovia,Los Angeles Basin,12/11/2019,2000,345,,N,0.00, ,0, ,10.6, ,53.8, ,75, ,46.1, ,2.7, ,354, ,58.4, 
159,Monrovia,Los Angeles Basin,12/11/2019,2100,345,,N,0.00, ,0, ,10.5, ,52.3, ,79, ,45.9, ,2.0, ,12, ,58.3, 
159,Monrovia,Los Angeles Basin,12/11/2019,2200,345,,N,0.00, ,0, ,10.4, ,51.7, ,79, ,45.6, ,2.8, ,3, ,58.2, 
159,Monrovia,Los Angeles Basin,12/11/2019,2300,345,,N,0.00, ,0, ,10.2, ,52.8, ,75, ,45.1, ,2.3, ,30, ,58.0, 
159,Monrovia,Los Angeles Basin,12/11/2019,2400,345,,N,0.00, ,0, ,10.2, ,51.6, ,78, ,45.1, ,2.3, ,344, ,57.8, 
159,Monrovia,Los Angeles Basin,12/12/2019,0100,346,,N,0.00, ,0, ,10.1, ,50.1, ,82, ,44.7, ,2.5, ,342, ,57.7, 
159,Monrovia,Los Angeles Basin,12/12/2019,0200,346,,N,0.00, ,0, ,10.0, ,50.3, ,80, ,44.5, ,2.6, ,356, ,57.5, 
159,Monrovia,Los Angeles Basin,12/12/2019,0300,346,,N,0.00, ,0, ,9.8, ,50.1, ,79, ,43.9, ,2.4, ,351, ,57.3, 
159,Monrovia,Los Angeles Basin,12/12/2019,0400,346,,N,0.00, ,0, ,9.5, ,49.1, ,80, ,43.3, ,2.5, ,344, ,57.2, 
159,Monrovia,Los Angeles Basin,12/12/2019,0500,346,,N,0.00, ,0, ,9.4, ,48.8, ,80, ,43.0, ,2.3, ,334, ,57.0, 
159,Monrovia,Los Angeles Basin,12/12/2019,0600,346,,N,0.00, ,0, ,9.5, ,48.2, ,82, ,43.1, ,2.4, ,352, ,56.8, 
159,Monrovia,Los Angeles Basin,12/12/2019,0700,346,,N,0.00, ,2, ,9.5, ,48.4, ,82, ,43.1, ,2.3, ,354, ,56.7, 
159,Monrovia,Los Angeles Basin,12/12/2019,0800,346,,N,0.00, ,137, ,9.6, ,49.6, ,79, ,43.4, ,2.0, ,31, ,56.5, 
159,Monrovia,Los Angeles Basin,12/12/2019,0900,346,,N,0.00, ,411, ,9.6, ,56.0, ,63, ,43.5, ,2.1, ,91, ,56.3, 
159,Monrovia,Los Angeles Basin,12/12/2019,1000,346,,N,0.00, ,636, ,9.6, ,60.6, ,53, ,43.4, ,2.0, ,61, ,56.2, 
159,Monrovia,Los Angeles Basin,12/12/2019,1100,346,,N,0.00,Y,952, ,9.6, ,63.9, ,47, ,43.4, ,2.8, ,212, ,56.3, 
159,Monrovia,Los Angeles Basin,12/12/2019,1200,346,,N,0.00, ,848, ,9.6, ,65.8, ,44, ,43.5, ,3.3, ,205, ,56.5, 
159,Monrovia,Los Angeles Basin,12/12/2019,1300,346,,N,0.00, ,1029, ,9.5, ,68.1, ,41, ,43.3, ,3.5, ,207, ,56.9, 
159,Monrovia,Los Angeles Basin,12/12/2019,1400,346,,N,0.00, ,953, ,9.6, ,69.7, ,39, ,43.5, ,3.2, ,237, ,57.4, 
159,Monrovia,Los Angeles Basin,12/12/2019,1500,346,,N,0.00, ,607, ,9.8, ,70.9, ,38, ,44.1, ,2.9, ,254, ,57.9, 
159,Monrovia,Los Angeles Basin,12/12/2019,1600,346,,N,0.00, ,313, ,9.7, ,71.0, ,38, ,43.8, ,2.8, ,207, ,58.4, 
159,Monrovia,Los Angeles Basin,12/12/2019,1700,346,,N,0.00, ,44, ,10.6, ,67.9, ,45, ,46.1, ,2.4, ,323, ,58.9, 
159,Monrovia,Los Angeles Basin,12/12/2019,1800,346,,N,0.00, ,0, ,11.5, ,62.0, ,61, ,48.3, ,2.7, ,358, ,59.2, 
159,Monrovia,Los Angeles Basin,12/12/2019,1900,346,,N,0.00, ,0, ,11.4, ,59.0, ,67, ,48.0, ,2.8, ,3, ,59.3, 
159,Monrovia,Los Angeles Basin,12/12/2019,2000,346,,N,0.00, ,0, ,12.2, ,56.8, ,77, ,49.7, ,2.5, ,2, ,59.3, 
159,Monrovia,Los Angeles Basin,12/12/2019,2100,346,,N,0.00, ,1, ,12.5, ,55.3, ,84, ,50.6, ,2.5, ,3, ,59.2, 
159,Monrovia,Los Angeles Basin,12/12/2019,2200,346,,N,0.00, ,0, ,12.1, ,54.2, ,85, ,49.7, ,2.6, ,338, ,59.1, 
159,Monrovia,Los Angeles Basin,12/12/2019,2300,346,,N,0.00, ,0, ,12.2, ,53.5, ,87, ,49.7, ,2.3, ,359, ,58.9, 
159,Monrovia,Los Angeles Basin,12/12/2019,2400,346,,N,0.00, ,0, ,12.1, ,52.7, ,89, ,49.6, ,2.3, ,335, ,58.7, 
159,Monrovia,Los Angeles Basin,12/13/2019,0100,347,,N,0.00, ,0, ,11.8, ,52.1, ,89, ,49.0, ,2.2, ,350, ,58.5, 
159,Monrovia,Los Angeles Basin,12/13/2019,0200,347,,N,0.00, ,0, ,11.4, ,52.1, ,86, ,48.1, ,2.2, ,317, ,58.3, 
159,Monrovia,Los Angeles Basin,12/13/2019,0300,347,,N,0.00, ,0, ,11.0, ,50.8, ,87, ,46.9, ,1.6, ,353, ,58.1, 
159,Monrovia,Los Angeles Basin,12/13/2019,0400,347,,N,0.00, ,0, ,10.7, ,50.8, ,85, ,46.4, ,1.0,I,319, ,57.9, 
159,Monrovia,Los Angeles Basin,12/13/2019,0500,347,,N,0.00, ,0, ,10.6, ,49.9, ,87, ,46.0, ,1.1, ,342, ,57.7, 
159,Monrovia,Los Angeles Basin,12/13/2019,0600,347,,N,0.00, ,0, ,10.5, ,49.4, ,88, ,45.9, ,2.7, ,325, ,57.5, 
159,Monrovia,Los Angeles Basin,12/13/2019,0700,347,,N,0.00, ,4, ,10.5, ,49.3, ,87, ,45.8, ,2.1, ,335, ,57.4, 
159,Monrovia,Los Angeles Basin,12/13/2019,0800,347,,N,0.00, ,156, ,10.9, ,52.2, ,82, ,46.8, ,1.8, ,4, ,57.2, 
159,Monrovia,Los Angeles Basin,12/13/2019,0900,347,,N,0.00, ,456, ,11.3, ,59.7, ,65, ,47.9, ,1.7, ,162, ,57.0, 
159,Monrovia,Los Angeles Basin,12/13/2019,1000,347,,N,0.00, ,741, ,11.4, ,63.1, ,58, ,48.0, ,2.1, ,180, ,56.9, 
159,Monrovia,Los Angeles Basin,12/13/2019,1100,347,,N,0.00,Y,951, ,11.3, ,66.6, ,51, ,47.8, ,2.8, ,190, ,56.9, 
159,Monrovia,Los Angeles Basin,12/13/2019,1200,347,,N,0.00, ,1042, ,10.9, ,67.8, ,47, ,46.8, ,3.6, ,221, ,57.2, 
159,Monrovia,Los Angeles Basin,12/13/2019,1300,347,,N,0.00, ,1015, ,11.0, ,70.0, ,44, ,47.1, ,3.2, ,243, ,57.6, 
159,Monrovia,Los Angeles Basin,12/13/2019,1400,347,,N,0.00, ,861, ,10.8, ,71.4, ,41, ,46.7, ,3.8, ,264, ,58.1, 
159,Monrovia,Los Angeles Basin,12/13/2019,1500,347,,N,0.00, ,584, ,12.6, ,70.5, ,49, ,50.7, ,5.4, ,262, ,58.6, 
159,Monrovia,Los Angeles Basin,12/13/2019,1600,347,,N,0.00, ,267, ,14.2, ,68.8, ,59, ,53.9, ,4.5, ,279, ,59.1, 
159,Monrovia,Los Angeles Basin,12/13/2019,1700,347,,N,0.00, ,43, ,14.0, ,65.9, ,64, ,53.5, ,3.5, ,266, ,59.5, 
159,Monrovia,Los Angeles Basin,12/13/2019,1800,347,,N,0.00, ,0, ,14.2, ,62.3, ,74, ,54.0, ,2.1, ,302, ,59.7, 
159,Monrovia,Los Angeles Basin,12/13/2019,1900,347,,N,0.00, ,0, ,13.9, ,58.2, ,84, ,53.4, ,1.5, ,8, ,59.8, 
159,Monrovia,Los Angeles Basin,12/13/2019,2000,347,,N,0.00, ,0, ,13.6, ,56.0, ,89, ,52.8, ,1.5, ,357, ,59.8, 
159,Monrovia,Los Angeles Basin,12/13/2019,2100,347,,N,0.00, ,1, ,13.4, ,54.7, ,92, ,52.3, ,1.6, ,2, ,59.8, 
159,Monrovia,Los Angeles Basin,12/13/2019,2200,347,,N,0.00, ,0, ,13.7, ,54.8, ,94, ,53.0, ,1.7, ,300, ,59.6, 
159,Monrovia,Los Angeles Basin,12/13/2019,2300,347,,N,0.00, ,1, ,14.8, ,56.8, ,94, ,55.1, ,1.4, ,261, ,59.4, 
159,Monrovia,Los Angeles Basin,12/13/2019,2400,347,,N,0.00, ,0, ,14.7, ,56.6, ,94, ,54.9, ,1.8, ,285, ,59.3, 
159,Monrovia,Los Angeles Basin,12/14/2019,0100,348,,N,0.00, ,0, ,14.6, ,56.1, ,95, ,54.7, ,1.8, ,9, ,59.2, 
159,Monrovia,Los Angeles Basin,12/14/2019,0200,348,,N,0.00, ,0, ,14.4, ,56.0, ,94, ,54.4, ,1.9, ,298, ,59.1, 
159,Monrovia,Los Angeles Basin,12/14/2019,0300,348,,N,0.00, ,0, ,14.3, ,56.1, ,93, ,54.1, ,1.6, ,32, ,59.1, 
159,Monrovia,Los Angeles Basin,12/14/2019,0400,348,,N,0.00, ,0, ,13.6, ,55.6, ,90, ,52.7, ,1.2, ,99, ,59.1, 
159,Monrovia,Los Angeles Basin,12/14/2019,0500,348,,N,0.00, ,0, ,13.5, ,55.8, ,89, ,52.6, ,1.4, ,79, ,59.0, 
159,Monrovia,Los Angeles Basin,12/14/2019,0600,348,,N,0.00, ,0, ,13.6, ,55.7, ,90, ,52.7, ,2.3, ,330, ,59.0, 
159,Monrovia,Los Angeles Basin,12/14/2019,0700,348,,N,0.00, ,3, ,13.3, ,56.0, ,87, ,52.1, ,1.2, ,141, ,59.0, 
159,Monrovia,Los Angeles Basin,12/14/2019,0800,348,,N,0.00, ,27, ,13.2, ,56.2, ,86, ,52.0, ,1.8, ,205, ,58.9, 
159,Monrovia,Los Angeles Basin,12/14/2019,0900,348,,N,0.00, ,112, ,13.3, ,56.3, ,86, ,52.1, ,1.9, ,124, ,58.9, 
159,Monrovia,Los Angeles Basin,12/14/2019,1000,348,,N,0.00, ,209, ,12.9, ,57.0, ,81, ,51.3, ,2.9, ,100, ,58.9, 
159,Monrovia,Los Angeles Basin,12/14/2019,1100,348,,N,0.00, ,261, ,13.6, ,58.2, ,82, ,52.7, ,1.7, ,133, ,58.9, 
159,Monrovia,Los Angeles Basin,12/14/2019,1200,348,,N,0.00, ,212, ,14.0, ,58.8, ,83, ,53.5, ,2.1, ,134, ,59.0, 
159,Monrovia,Los Angeles Basin,12/14/2019,1300,348,,N,0.00, ,171, ,13.8, ,59.1, ,81, ,53.2, ,1.7, ,68, ,59.1, 
159,Monrovia,Los Angeles Basin,12/14/2019,1400,348,,N,0.00, ,250, ,13.9, ,60.1, ,79, ,53.4, ,2.2, ,153, ,59.3, 
159,Monrovia,Los Angeles Basin,12/14/2019,1500,348,,N,0.00, ,414, ,14.2, ,61.1, ,77, ,53.9, ,2.8, ,144, ,59.4, 
159,Monrovia,Los Angeles Basin,12/14/2019,1600,348,,N,0.00, ,172, ,13.8, ,61.0, ,75, ,53.2, ,2.9, ,153, ,59.6, 
159,Monrovia,Los Angeles Basin,12/14/2019,1700,348,,N,0.00, ,29, ,13.8, ,59.9, ,78, ,53.2, ,1.3, ,23, ,59.8, 
159,Monrovia,Los Angeles Basin,12/14/2019,1800,348,,N,0.00, ,0, ,14.0, ,58.9, ,82, ,53.6, ,3.3, ,166, ,59.9, 
159,Monrovia,Los Angeles Basin,12/14/2019,1900,348,,N,0.00, ,0, ,13.7, ,58.0, ,83, ,52.9, ,3.4, ,197, ,60.0, 
159,Monrovia,Los Angeles Basin,12/14/2019,2000,348,,N,0.00, ,0, ,13.5, ,57.1, ,85, ,52.5, ,2.5, ,168, ,59.9, 
159,Monrovia,Los Angeles Basin,12/14/2019,2100,348,,N,0.00, ,0, ,13.1, ,56.0, ,85, ,51.7, ,2.9, ,138, ,59.9, 
159,Monrovia,Los Angeles Basin,12/14/2019,2200,348,,N,0.00, ,0, ,12.7, ,54.2, ,88, ,50.8, ,1.4, ,6, ,59.8, 
159,Monrovia,Los Angeles Basin,12/14/2019,2300,348,,N,0.00, ,0, ,12.3, ,52.4, ,92, ,50.1, ,1.2, ,341, ,59.7, 
159,Monrovia,Los Angeles Basin,12/14/2019,2400,348,,N,0.00, ,0, ,11.7, ,52.1, ,89, ,48.8, ,2.1, ,319, ,59.6, 
159,Monrovia,Los Angeles Basin,12/15/2019,0100,349,,N,0.00, ,0, ,11.0, ,50.4, ,89, ,47.2, ,1.8, ,344, ,59.4, 
159,Monrovia,Los Angeles Basin,12/15/2019,0200,349,,N,0.00, ,0, ,10.4, ,48.6, ,89, ,45.6, ,2.0, ,327, ,59.2, 
159,Monrovia,Los Angeles Basin,12/15/2019,0300,349,,N,0.00, ,0, ,9.9, ,46.6, ,91, ,44.2, ,1.8, ,320, ,59.0, 
159,Monrovia,Los Angeles Basin,12/15/2019,0400,349,,N,0.00, ,0, ,9.8, ,46.3, ,92, ,43.9, ,1.7, ,356, ,58.8, 
159,Monrovia,Los Angeles Basin,12/15/2019,0500,349,,N,0.00, ,0, ,9.8, ,45.7, ,94, ,44.0, ,1.8, ,326, ,58.5, 
159,Monrovia,Los Angeles Basin,12/15/2019,0600,349,,N,0.00, ,0, ,9.2, ,44.8, ,91, ,42.4, ,2.5, ,298, ,58.2, 
159,Monrovia,Los Angeles Basin,12/15/2019,0700,349,,N,0.00, ,3, ,9.5, ,45.5, ,92, ,43.2, ,2.2, ,35, ,57.9, 
159,Monrovia,Los Angeles Basin,12/15/2019,0800,349,,N,0.00, ,174, ,8.0, ,50.3, ,64, ,38.8, ,3.3, ,111, ,57.7, 
159,Monrovia,Los Angeles Basin,12/15/2019,0900,349,,N,0.00, ,478, ,7.3, ,53.1, ,53, ,36.4, ,2.6, ,105, ,57.4, 
159,Monrovia,Los Angeles Basin,12/15/2019,1000,349,,N,0.00, ,764, ,9.5, ,55.8, ,62, ,43.1, ,3.4, ,138, ,57.2, 
159,Monrovia,Los Angeles Basin,12/15/2019,1100,349,,N,0.00,Y,987, ,9.9, ,57.3, ,62, ,44.3, ,3.7, ,180, ,57.1, 
159,Monrovia,Los Angeles Basin,12/15/2019,1200,349,,N,0.00, ,1099, ,7.7, ,59.4, ,45, ,37.9, ,3.7, ,165, ,57.2, 
159,Monrovia,Los Angeles Basin,12/15/2019,1300,349,,N,0.00, ,1082, ,6.7, ,61.3, ,36, ,34.4, ,3.9, ,175, ,57.5, 
159,Monrovia,Los Angeles Basin,12/15/2019,1400,349,,N,0.00, ,930, ,5.9, ,62.9, ,30, ,31.1, ,4.4, ,83, ,57.8, 
159,Monrovia,Los Angeles Basin,12/15/2019,1500,349,,N,0.00, ,679, ,5.7, ,63.3, ,29, ,30.4, ,4.6, ,8, ,58.2, 
159,Monrovia,Los Angeles Basin,12/15/2019,1600,349,,N,0.00, ,355, ,5.7, ,63.1, ,29, ,30.4, ,3.7, ,17, ,58.5, 
159,Monrovia,Los Angeles Basin,12/15/2019,1700,349,,N,0.00, ,58, ,5.6, ,61.0, ,31, ,29.9, ,2.5, ,0, ,58.7, 
159,Monrovia,Los Angeles Basin,12/15/2019,1800,349,,N,0.00, ,0, ,5.4, ,55.6, ,36, ,28.8, ,2.2, ,357, ,58.8, 
159,Monrovia,Los Angeles Basin,12/15/2019,1900,349,,N,0.00, ,0, ,5.9, ,51.6, ,45, ,31.2, ,2.4, ,358, ,58.8, 
159,Monrovia,Los Angeles Basin,12/15/2019,2000,349,,N,0.00, ,0, ,6.1, ,50.6, ,48, ,31.8, ,2.7, ,358, ,58.7, 
159,Monrovia,Los Angeles Basin,12/15/2019,2100,349,,N,0.00, ,0, ,6.6, ,47.4, ,60, ,34.0, ,2.1, ,3, ,58.5, 
159,Monrovia,Los Angeles Basin,12/15/2019,2200,349,,N,0.00, ,0, ,6.7, ,45.9, ,63, ,34.2, ,2.4, ,360, ,58.2, 
159,Monrovia,Los Angeles Basin,12/15/2019,2300,349,,N,0.00, ,0, ,6.7, ,45.0, ,66, ,34.3, ,2.4, ,360, ,58.0, 
159,Monrovia,Los Angeles Basin,12/15/2019,2400,349,,N,0.00, ,0, ,6.8, ,44.1, ,69, ,34.5, ,2.5, ,6, ,57.7, 
159,Monrovia,Los Angeles Basin,12/16/2019,0100,350,,N,0.00, ,0, ,6.6, ,44.7, ,65, ,33.8, ,3.0, ,350, ,57.4, 
159,Monrovia,Los Angeles Basin,12/16/2019,0200,350,,N,0.00, ,0, ,6.5, ,43.5, ,68, ,33.5, ,2.6, ,9, ,57.1, 
159,Monrovia,Los Angeles Basin,12/16/2019,0300,350,,N,0.00, ,0, ,6.2, ,42.4, ,68, ,32.5, ,2.8, ,2, ,56.9, 
159,Monrovia,Los Angeles Basin,12/16/2019,0400,350,,N,0.00, ,0, ,5.9, ,43.0, ,63, ,31.2, ,3.3, ,8, ,56.6, 
159,Monrovia,Los Angeles Basin,12/16/2019,0500,350,,N,0.00, ,0, ,5.6, ,43.0, ,60, ,30.0, ,3.0, ,8, ,56.3, 
159,Monrovia,Los Angeles Basin,12/16/2019,0600,350,,N,0.00, ,0, ,5.6, ,41.2, ,64, ,29.9, ,2.4, ,4, ,56.0, 
159,Monrovia,Los Angeles Basin,12/16/2019,0700,350,,N,0.00, ,4, ,5.5, ,40.3, ,64, ,29.2, ,2.4, ,7, ,55.7, 
159,Monrovia,Los Angeles Basin,12/16/2019,0800,350,,N,0.00, ,172, ,5.5, ,43.1, ,58, ,29.5, ,2.6, ,6, ,55.5, 
159,Monrovia,Los Angeles Basin,12/16/2019,0900,350,,N,0.00, ,495, ,5.6, ,53.5, ,40, ,30.0, ,1.4, ,317, ,55.2, 
159,Monrovia,Los Angeles Basin,12/16/2019,1000,350,,N,0.00,Y,803, ,4.4, ,58.2, ,27, ,24.0, ,2.3, ,324, ,55.0, 
159,Monrovia,Los Angeles Basin,12/16/2019,1100,350,,N,0.00, ,1023, ,3.7, ,61.0, ,20, ,20.1, ,2.8, ,266, ,55.0, 
159,Monrovia,Los Angeles Basin,12/16/2019,1200,350,,N,0.00, ,1125, ,3.7, ,62.7, ,19, ,20.0, ,4.1, ,267, ,55.1, 
159,Monrovia,Los Angeles Basin,12/16/2019,1300,350,,N,0.00, ,1100, ,3.6, ,64.1, ,18, ,19.4, ,4.1, ,297, ,55.4, 
159,Monrovia,Los Angeles Basin,12/16/2019,1400,350,,N,0.00, ,954, ,3.6, ,65.4, ,17, ,19.4, ,3.6, ,291, ,55.8, 
159,Monrovia,Los Angeles Basin,12/16/2019,1500,350,,N,0.00, ,745, ,3.5, ,66.1, ,16, ,18.7, ,3.7, ,265, ,56.3, 
159,Monrovia,Los Angeles Basin,12/16/2019,1600,350,,N,0.00,R,461, ,3.3, ,66.3, ,15, ,17.1, ,3.1, ,252, ,56.7, 
159,Monrovia,Los Angeles Basin,12/16/2019,1700,350,,N,0.00, ,82, ,3.9, ,63.4, ,20, ,21.4, ,2.4, ,325, ,57.0, 
159,Monrovia,Los Angeles Basin,12/16/2019,1800,350,,N,0.00, ,0, ,4.8, ,56.6, ,31, ,26.3, ,3.1, ,349, ,57.3, 
159,Monrovia,Los Angeles Basin,12/16/2019,1900,350,,N,0.00, ,0, ,4.6, ,52.4, ,35, ,25.3, ,2.6, ,2, ,57.4, 
159,Monrovia,Los Angeles Basin,12/16/2019,2000,350,,N,0.00, ,0, ,3.8, ,49.3, ,32, ,20.5, ,2.7, ,4, ,57.3, 
159,Monrovia,Los Angeles Basin,12/16/2019,2100,350,,N,0.00, ,0, ,3.7, ,46.9, ,34, ,20.0, ,2.8, ,359, ,57.2, 
159,Monrovia,Los Angeles Basin,12/16/2019,2200,350,,N,0.00, ,0, ,3.4, ,45.8, ,32, ,17.8, ,3.3, ,356, ,56.9, 
159,Monrovia,Los Angeles Basin,12/16/2019,2300,350,,N,0.00, ,0, ,3.5, ,44.0, ,35, ,18.4, ,3.0, ,359, ,56.7, 
159,Monrovia,Los Angeles Basin,12/16/2019,2400,350,,N,0.00, ,0, ,3.8, ,42.1, ,41, ,20.3, ,2.8, ,359, ,56.4, 
159,Monrovia,Los Angeles Basin,12/17/2019,0100,351,,N,0.00, ,0, ,3.7, ,41.3, ,42, ,19.8, ,2.9, ,360, ,56.0, 
159,Monrovia,Los Angeles Basin,12/17/2019,0200,351,,N,0.00, ,0, ,3.6, ,41.1, ,41, ,19.5, ,2.9, ,357, ,55.7, 
159,Monrovia,Los Angeles Basin,12/17/2019,0300,351,,N,0.00, ,0, ,3.5, ,41.1, ,40, ,18.8, ,3.3, ,354, ,55.4, 
159,Monrovia,Los Angeles Basin,12/17/2019,0400,351,,N,0.00, ,0, ,3.7, ,40.4, ,44, ,20.2, ,2.9, ,3, ,55.0, 
159,Monrovia,Los Angeles Basin,12/17/2019,0500,351,,N,0.00, ,0, ,3.9, ,38.9, ,48, ,21.1, ,2.6, ,350, ,54.7, 
159,Monrovia,Los Angeles Basin,12/17/2019,0600,351,,N,0.00, ,0, ,3.6, ,39.9, ,43, ,19.4, ,3.1, ,356, ,54.4, 
159,Monrovia,Los Angeles Basin,12/17/2019,0700,351,,N,0.00, ,5, ,3.5, ,39.6, ,43, ,18.9, ,3.4, ,349, ,54.1, 
159,Monrovia,Los Angeles Basin,12/17/2019,0800,351,,N,0.00, ,180, ,3.8, ,42.5, ,41, ,20.7, ,2.4, ,350, ,53.9, 
159,Monrovia,Los Angeles Basin,12/17/2019,0900,351,,N,0.00, ,489, ,4.5, ,50.0, ,37, ,24.5, ,2.0, ,334, ,53.6, 
159,Monrovia,Los Angeles Basin,12/17/2019,1000,351,,N,0.00, ,808, ,2.7, ,57.5, ,17, ,12.9, ,2.4, ,342, ,53.4, 
159,Monrovia,Los Angeles Basin,12/17/2019,1100,351,,N,0.00, ,874, ,2.6, ,59.5, ,15, ,12.0, ,2.7, ,305, ,53.3, 
159,Monrovia,Los Angeles Basin,12/17/2019,1200,351,,N,0.00, ,917, ,2.9, ,61.7, ,15, ,13.9, ,2.3, ,355, ,53.5, 
159,Monrovia,Los Angeles Basin,12/17/2019,1300,351,,N,0.00,Y,1081, ,2.3, ,64.1, ,11, ,8.9, ,3.1, ,246, ,53.8, 
159,Monrovia,Los Angeles Basin,12/17/2019,1400,351,,N,0.00, ,748, ,2.3, ,65.3, ,11, ,8.9, ,2.2, ,312, ,54.2, 
159,Monrovia,Los Angeles Basin,12/17/2019,1500,351,,N,0.00, ,582, ,2.5, ,66.6, ,11, ,10.7, ,2.0, ,331, ,54.7, 
159,Monrovia,Los Angeles Basin,12/17/2019,1600,351,,N,0.00, ,319, ,2.6, ,65.7, ,12, ,11.9, ,1.9, ,10, ,55.2, 
159,Monrovia,Los Angeles Basin,12/17/2019,1700,351,,N,0.00, ,45, ,4.6, ,60.0, ,26, ,24.9, ,2.2, ,355, ,55.6, 
159,Monrovia,Los Angeles Basin,12/17/2019,1800,351,,N,0.00, ,1, ,4.6, ,54.9, ,31, ,24.8, ,2.8, ,346, ,55.9, 
159,Monrovia,Los Angeles Basin,12/17/2019,1900,351,,N,0.00, ,0, ,4.1, ,57.2, ,26, ,22.4, ,5.1, ,21, ,56.0, 
159,Monrovia,Los Angeles Basin,12/17/2019,2000,351,,N,0.00, ,1, ,4.2, ,56.9, ,26, ,22.7, ,8.1, ,0, ,56.0, 
159,Monrovia,Los Angeles Basin,12/17/2019,2100,351,,N,0.00, ,0, ,4.1, ,54.6, ,28, ,22.3, ,3.8, ,340, ,55.9, 
159,Monrovia,Los Angeles Basin,12/17/2019,2200,351,,N,0.00, ,0, ,4.3, ,49.1, ,36, ,23.7, ,2.7, ,338, ,55.8, 
159,Monrovia,Los Angeles Basin,12/17/2019,2300,351,,N,0.00, ,0, ,4.1, ,46.6, ,38, ,22.2, ,2.5, ,331, ,55.7, 
159,Monrovia,Los Angeles Basin,12/17/2019,2400,351,,N,0.00, ,0, ,3.5, ,47.7, ,31, ,18.9, ,2.8, ,317, ,55.5, 
159,Monrovia,Los Angeles Basin,12/18/2019,0100,352,,N,0.00, ,0, ,3.3, ,45.3, ,32, ,17.0, ,2.7, ,333, ,55.2, 
159,Monrovia,Los Angeles Basin,12/18/2019,0200,352,,N,0.00, ,0, ,3.3, ,43.0, ,35, ,17.6, ,2.7, ,329, ,55.0, 
159,Monrovia,Los Angeles Basin,12/18/2019,0300,352,,N,0.00, ,0, ,3.3, ,42.4, ,36, ,17.4, ,3.2, ,343, ,54.7, 
159,Monrovia,Los Angeles Basin,12/18/2019,0400,352,,N,0.00, ,0, ,3.2, ,41.8, ,36, ,16.9, ,2.8, ,346, ,54.4, 
159,Monrovia,Los Angeles Basin,12/18/2019,0500,352,,N,0.00, ,0, ,3.3, ,41.3, ,38, ,17.5, ,3.0, ,339, ,54.1, 
159,Monrovia,Los Angeles Basin,12/18/2019,0600,352,,N,0.00, ,0, ,3.5, ,40.4, ,41, ,18.8, ,2.9, ,331, ,53.8, 
159,Monrovia,Los Angeles Basin,12/18/2019,0700,352,,N,0.00, ,5, ,3.6, ,41.4, ,40, ,19.2, ,2.4, ,336, ,53.5, 
159,Monrovia,Los Angeles Basin,12/18/2019,0800,352,,N,0.00, ,95, ,3.9, ,42.8, ,42, ,21.2, ,2.7, ,331, ,53.3, 
159,Monrovia,Los Angeles Basin,12/18/2019,0900,352,,N,0.00, ,213, ,4.9, ,47.5, ,44, ,26.4, ,1.9, ,326, ,53.0, 
159,Monrovia,Los Angeles Basin,12/18/2019,1000,352,,N,0.00, ,263, ,5.4, ,51.5, ,42, ,29.2, ,1.7, ,284, ,52.9, 
159,Monrovia,Los Angeles Basin,12/18/2019,1100,352,,N,0.00, ,460, ,3.6, ,55.4, ,24, ,19.0, ,4.8, ,339, ,52.8, 
159,Monrovia,Los Angeles Basin,12/18/2019,1200,352,,N,0.00, ,1024, ,3.0, ,60.1, ,17, ,15.4, ,5.8, ,341, ,52.9, 
159,Monrovia,Los Angeles Basin,12/18/2019,1300,352,,N,0.00, ,741, ,2.7, ,60.8, ,15, ,12.4, ,4.3, ,262, ,53.1, 
159,Monrovia,Los Angeles Basin,12/18/2019,1400,352,,N,0.00, ,619, ,2.8, ,61.0, ,15, ,13.7, ,4.1, ,271, ,53.4, 
159,Monrovia,Los Angeles Basin,12/18/2019,1500,352,,N,0.00, ,367, ,2.8, ,60.9, ,15, ,13.5, ,3.0, ,286, ,53.8, 
159,Monrovia,Los Angeles Basin,12/18/2019,1600,352,,N,0.00, ,304, ,2.5, ,61.6, ,13, ,10.9, ,2.8, ,291, ,54.2, 
159,Monrovia,Los Angeles Basin,12/18/2019,1700,352,,N,0.00, ,72, ,2.7, ,59.6, ,15, ,12.6, ,2.7, ,358, ,54.5, 
159,Monrovia,Los Angeles Basin,12/18/2019,1800,352,,N,0.00, ,0, ,4.1, ,52.1, ,31, ,22.6, ,2.9, ,340, ,54.8, 
159,Monrovia,Los Angeles Basin,12/18/2019,1900,352,,N,0.00, ,0, ,4.2, ,48.9, ,36, ,22.9, ,2.6, ,338, ,54.9, 
159,Monrovia,Los Angeles Basin,12/18/2019,2000,352,,N,0.00, ,0, ,4.3, ,45.9, ,41, ,23.6, ,2.5, ,333, ,54.9, 
159,Monrovia,Los Angeles Basin,12/18/2019,2100,352,,N,0.00, ,0, ,4.3, ,44.8, ,42, ,23.3, ,2.6, ,330, ,54.7, 
159,Monrovia,Los Angeles Basin,12/18/2019,2200,352,,N,0.00, ,0, ,4.3, ,44.4, ,44, ,23.7, ,2.7, ,332, ,54.6, 
159,Monrovia,Los Angeles Basin,12/18/2019,2300,352,,N,0.00, ,0, ,4.5, ,42.9, ,48, ,24.5, ,2.4, ,321, ,54.3, 
159,Monrovia,Los Angeles Basin,12/18/2019,2400,352,,N,0.00, ,0, ,4.7, ,41.3, ,53, ,25.5, ,1.4, ,332, ,54.1, 
159,Monrovia,Los Angeles Basin,12/19/2019,0100,353,,N,0.00, ,0, ,4.6, ,41.1, ,53, ,25.2, ,1.7, ,332, ,53.9, 
159,Monrovia,Los Angeles Basin,12/19/2019,0200,353,,N,0.00, ,0, ,4.8, ,39.5, ,58, ,26.0, ,2.6, ,342, ,53.6, 
159,Monrovia,Los Angeles Basin,12/19/2019,0300,353,,N,0.00, ,0, ,4.7, ,39.9, ,56, ,25.7, ,2.8, ,340, ,53.4, 
159,Monrovia,Los Angeles Basin,12/19/2019,0400,353,,N,0.00, ,0, ,4.8, ,39.4, ,59, ,26.3, ,2.8, ,342, ,53.2, 
159,Monrovia,Los Angeles Basin,12/19/2019,0500,353,,N,0.00, ,0, ,4.9, ,39.6, ,59, ,26.7, ,2.6, ,343, ,52.9, 
159,Monrovia,Los Angeles Basin,12/19/2019,0600,353,,N,0.00, ,0, ,5.0, ,38.2, ,63, ,26.9, ,2.7, ,339, ,52.7, 
159,Monrovia,Los Angeles Basin,12/19/2019,0700,353,,N,0.00, ,3, ,4.9, ,38.5, ,62, ,26.7, ,2.7, ,348, ,52.5, 
159,Monrovia,Los Angeles Basin,12/19/2019,0800,353,,N,0.00, ,157, ,5.0, ,42.0, ,55, ,27.1, ,2.0, ,337, ,52.3, 
159,Monrovia,Los Angeles Basin,12/19/2019,0900,353,,N,0.00, ,463, ,5.2, ,49.0, ,44, ,27.9, ,2.2, ,291, ,52.1, 
159,Monrovia,Los Angeles Basin,12/19/2019,1000,353,,N,0.00, ,763, ,5.2, ,56.0, ,34, ,28.2, ,4.5, ,352, ,52.0, 
159,Monrovia,Los Angeles Basin,12/19/2019,1100,353,,N,0.00, ,989, ,5.0, ,58.9, ,29, ,27.0, ,3.5, ,329, ,51.9, 
159,Monrovia,Los Angeles Basin,12/19/2019,1200,353,,N,0.00, ,1090, ,4.9, ,60.7, ,27, ,26.5, ,3.4, ,254, ,52.1, 
159,Monrovia,Los Angeles Basin,12/19/2019,1300,353,,N,0.00, ,1069, ,4.5, ,62.3, ,23, ,24.4, ,4.1, ,258, ,52.4, 
159,Monrovia,Los Angeles Basin,12/19/2019,1400,353,,N,0.00, ,923, ,4.5, ,63.7, ,22, ,24.4, ,3.6, ,278, ,52.9, 
159,Monrovia,Los Angeles Basin,12/19/2019,1500,353,,N,0.00, ,671, ,4.4, ,64.8, ,21, ,24.2, ,3.4, ,277, ,53.4, 
159,Monrovia,Los Angeles Basin,12/19/2019,1600,353,,N,0.00, ,354, ,4.4, ,65.4, ,20, ,23.8, ,2.6, ,291, ,53.9, 
159,Monrovia,Los Angeles Basin,12/19/2019,1700,353,,N,0.00, ,61, ,5.0, ,62.2, ,26, ,26.9, ,2.2, ,311, ,54.3, 
159,Monrovia,Los Angeles Basin,12/19/2019,1800,353,,N,0.00, ,0, ,5.8, ,54.8, ,40, ,30.9, ,2.9, ,352, ,54.6, 
159,Monrovia,Los Angeles Basin,12/19/2019,1900,353,,N,0.00, ,0, ,5.6, ,52.3, ,42, ,30.0, ,2.7, ,342, ,54.7, 
159,Monrovia,Los Angeles Basin,12/19/2019,2000,353,,N,0.00, ,0, ,5.8, ,51.0, ,46, ,30.7, ,2.9, ,359, ,54.8, 
159,Monrovia,Los Angeles Basin,12/19/2019,2100,353,,N,0.00, ,0, ,6.0, ,48.7, ,51, ,31.6, ,2.5, ,348, ,54.7, 
159,Monrovia,Los Angeles Basin,12/19/2019,2200,353,,N,0.00, ,0, ,6.1, ,47.8, ,54, ,31.8, ,2.6, ,359, ,54.6, 
159,Monrovia,Los Angeles Basin,12/19/2019,2300,353,,N,0.00, ,0, ,5.9, ,46.9, ,53, ,30.9, ,2.8, ,348, ,54.4, 
159,Monrovia,Los Angeles Basin,12/19/2019,2400,353,,N,0.00, ,0, ,5.8, ,46.2, ,54, ,30.7, ,2.7, ,345, ,54.2, 
159,Monrovia,Los Angeles Basin,12/20/2019,0100,354,,N,0.00, ,0, ,5.7, ,46.5, ,53, ,30.2, ,3.3, ,348, ,54.0, 
159,Monrovia,Los Angeles Basin,12/20/2019,0200,354,,N,0.00, ,0, ,5.7, ,46.1, ,54, ,30.4, ,3.2, ,351, ,53.8, 
159,Monrovia,Los Angeles Basin,12/20/2019,0300,354,,N,0.00, ,0, ,5.6, ,46.9, ,51, ,29.7, ,3.0, ,358, ,53.7, 
159,Monrovia,Los Angeles Basin,12/20/2019,0400,354,,N,0.00, ,0, ,5.5, ,46.5, ,51, ,29.3, ,3.0, ,2, ,53.5, 
159,Monrovia,Los Angeles Basin,12/20/2019,0500,354,,N,0.00, ,0, ,5.4, ,45.9, ,52, ,29.1, ,2.7, ,350, ,53.3, 
159,Monrovia,Los Angeles Basin,12/20/2019,0600,354,,N,0.00, ,0, ,5.6, ,45.4, ,54, ,29.7, ,2.7, ,1, ,53.1, 
159,Monrovia,Los Angeles Basin,12/20/2019,0700,354,,N,0.00, ,5, ,5.7, ,44.8, ,57, ,30.3, ,3.0, ,352, ,53.0, 
159,Monrovia,Los Angeles Basin,12/20/2019,0800,354,,N,0.00, ,184, ,5.9, ,47.8, ,52, ,31.1, ,2.4, ,356, ,52.8, 
159,Monrovia,Los Angeles Basin,12/20/2019,0900,354,,N,0.00, ,474, ,6.7, ,57.4, ,41, ,34.1, ,2.0, ,307, ,52.7, 
159,Monrovia,Los Angeles Basin,12/20/2019,1000,354,,N,0.00, ,773, ,5.5, ,63.7, ,27, ,29.2, ,4.5, ,337, ,52.6, 
159,Monrovia,Los Angeles Basin,12/20/2019,1100,354,,N,0.00, ,962, ,5.1, ,66.5, ,23, ,27.5, ,3.6, ,343, ,52.6, 
159,Monrovia,Los Angeles Basin,12/20/2019,1200,354,,N,0.00, ,1096, ,4.6, ,70.0, ,18, ,24.8, ,2.7, ,341, ,52.8, 
159,Monrovia,Los Angeles Basin,12/20/2019,1300,354,,N,0.00, ,973, ,4.3, ,71.4, ,16, ,23.6, ,4.5, ,339, ,53.2, 
159,Monrovia,Los Angeles Basin,12/20/2019,1400,354,,N,0.00, ,823, ,4.4, ,73.1, ,16, ,24.1, ,2.6, ,292, ,53.7, 
159,Monrovia,Los Angeles Basin,12/20/2019,1500,354,,N,0.00, ,651, ,4.4, ,74.6, ,15, ,24.0, ,1.9, ,270, ,54.2, 
159,Monrovia,Los Angeles Basin,12/20/2019,1600,354,,N,0.00, ,356, ,4.4, ,74.8, ,15, ,23.8, ,1.9, ,319, ,54.7, 
159,Monrovia,Los Angeles Basin,12/20/2019,1700,354,,N,0.00, ,37, ,5.8, ,68.1, ,25, ,30.8, ,2.6, ,341, ,55.2, 
159,Monrovia,Los Angeles Basin,12/20/2019,1800,354,,N,0.00, ,0, ,6.2, ,61.3, ,34, ,32.4, ,2.8, ,343, ,55.5, 
159,Monrovia,Los Angeles Basin,12/20/2019,1900,354,,N,0.00, ,0, ,6.3, ,58.6, ,37, ,32.7, ,2.4, ,347, ,55.7, 
159,Monrovia,Los Angeles Basin,12/20/2019,2000,354,,N,0.00, ,0, ,6.4, ,56.5, ,41, ,33.2, ,2.3, ,358, ,55.8, 
159,Monrovia,Los Angeles Basin,12/20/2019,2100,354,,N,0.00, ,1, ,6.4, ,55.7, ,42, ,33.2, ,2.3, ,355, ,55.7, 
159,Monrovia,Los Angeles Basin,12/20/2019,2200,354,,N,0.00, ,0, ,6.6, ,54.8, ,45, ,33.9, ,3.4, ,357, ,55.6, 
159,Monrovia,Los Angeles Basin,12/20/2019,2300,354,,N,0.00, ,0, ,6.5, ,53.2, ,47, ,33.5, ,2.5, ,330, ,55.5, 
159,Monrovia,Los Angeles Basin,12/20/2019,2400,354,,N,0.00, ,0, ,6.6, ,50.4, ,53, ,34.0, ,2.5, ,339, ,55.4, 
159,Monrovia,Los Angeles Basin,12/21/2019,0100,355,,N,0.00, ,0, ,6.7, ,49.4, ,56, ,34.2, ,2.4, ,342, ,55.2, 
159,Monrovia,Los Angeles Basin,12/21/2019,0200,355,,N,0.00, ,0, ,6.5, ,49.0, ,55, ,33.5, ,3.1, ,342, ,55.0, 
159,Monrovia,Los Angeles Basin,12/21/2019,0300,355,,N,0.00, ,0, ,6.2, ,49.3, ,52, ,32.4, ,2.9, ,342, ,54.8, 
159,Monrovia,Los Angeles Basin,12/21/2019,0400,355,,N,0.00, ,0, ,6.1, ,50.4, ,49, ,31.9, ,3.3, ,340, ,54.7, 
159,Monrovia,Los Angeles Basin,12/21/2019,0500,355,,N,0.00, ,0, ,6.2, ,49.5, ,51, ,32.3, ,2.7, ,341, ,54.5, 
159,Monrovia,Los Angeles Basin,12/21/2019,0600,355,,N,0.00, ,0, ,6.0, ,48.6, ,52, ,31.6, ,3.0, ,342, ,54.3, 
159,Monrovia,Los Angeles Basin,12/21/2019,0700,355,,N,0.00, ,2, ,6.1, ,48.1, ,53, ,31.8, ,2.7, ,339, ,54.2, 
159,Monrovia,Los Angeles Basin,12/21/2019,0800,355,,N,0.00, ,87, ,6.0, ,49.2, ,50, ,31.4, ,2.7, ,333, ,54.1, 
159,Monrovia,Los Angeles Basin,12/21/2019,0900,355,,N,0.00, ,283, ,6.3, ,53.9, ,44, ,32.7, ,2.5, ,343, ,53.9, 
159,Monrovia,Los Angeles Basin,12/21/2019,1000,355,,N,0.00, ,460, ,5.6, ,61.7, ,30, ,30.0, ,4.4, ,350, ,53.8, 
159,Monrovia,Los Angeles Basin,12/21/2019,1100,355,,N,0.00, ,627, ,5.5, ,64.5, ,27, ,29.5, ,5.6, ,355, ,53.8, 
159,Monrovia,Los Angeles Basin,12/21/2019,1200,355,,N,0.00, ,873, ,5.3, ,68.4, ,22, ,28.6, ,4.5, ,124, ,53.9, 
159,Monrovia,Los Angeles Basin,12/21/2019,1300,355,,N,0.01, ,875, ,4.3, ,71.1, ,16, ,23.3, ,4.9, ,29, ,54.2, 
159,Monrovia,Los Angeles Basin,12/21/2019,1400,355,,N,0.00, ,752, ,3.6, ,72.4, ,13, ,19.4, ,4.8, ,2, ,54.5, 
159,Monrovia,Los Angeles Basin,12/21/2019,1500,355,,N,0.00, ,500, ,3.7, ,72.5, ,13, ,19.6, ,4.0, ,161, ,54.9, 
159,Monrovia,Los Angeles Basin,12/21/2019,1600,355,,N,0.00, ,206, ,5.1, ,70.1, ,20, ,27.8, ,2.1, ,11, ,55.3, 
159,Monrovia,Los Angeles Basin,12/21/2019,1700,355,,N,0.00, ,37, ,7.1, ,63.4, ,36, ,35.9, ,2.5, ,341, ,55.6, 
159,Monrovia,Los Angeles Basin,12/21/2019,1800,355,,N,0.00, ,0, ,5.9, ,58.2, ,35, ,31.0, ,3.0, ,332, ,55.9, 
159,Monrovia,Los Angeles Basin,12/21/2019,1900,355,,N,0.00, ,1, ,5.7, ,57.2, ,36, ,30.3, ,3.2, ,345, ,56.0, 
159,Monrovia,Los Angeles Basin,12/21/2019,2000,355,,N,0.00, ,0, ,6.0, ,54.8, ,41, ,31.4, ,2.3, ,329, ,56.0, 
159,Monrovia,Los Angeles Basin,12/21/2019,2100,355,,N,0.00, ,0, ,5.9, ,53.7, ,42, ,31.1, ,2.4, ,323, ,55.9, 
159,Monrovia,Los Angeles Basin,12/21/2019,2200,355,,N,0.00, ,0, ,5.7, ,54.2, ,39, ,30.1, ,2.6, ,326, ,55.8, 
159,Monrovia,Los Angeles Basin,12/21/2019,2300,355,,N,0.00, ,0, ,5.7, ,52.6, ,42, ,30.5, ,2.4, ,328, ,55.7, 
159,Monrovia,Los Angeles Basin,12/21/2019,2400,355,,N,0.00, ,0, ,5.6, ,53.0, ,41, ,29.7, ,2.5, ,320, ,55.5, 
159,Monrovia,Los Angeles Basin,12/22/2019,0100,356,,N,0.00, ,0, ,5.8, ,51.5, ,45, ,30.8, ,2.5, ,327, ,55.4, 
159,Monrovia,Los Angeles Basin,12/22/2019,0200,356,,N,0.00, ,0, ,5.7, ,50.5, ,46, ,30.3, ,2.7, ,334, ,55.2, 
159,Monrovia,Los Angeles Basin,12/22/2019,0300,356,,N,0.00, ,0, ,5.4, ,49.5, ,45, ,28.9, ,2.7, ,343, ,55.1, 
159,Monrovia,Los Angeles Basin,12/22/2019,0400,356,,N,0.00, ,0, ,5.2, ,50.5, ,42, ,28.2, ,2.7, ,330, ,55.0, 
159,Monrovia,Los Angeles Basin,12/22/2019,0500,356,,N,0.00, ,0, ,5.6, ,49.6, ,46, ,29.8, ,2.3, ,326, ,54.8, 
159,Monrovia,Los Angeles Basin,12/22/2019,0600,356,,N,0.00, ,0, ,5.6, ,49.5, ,46, ,29.7, ,2.3, ,338, ,54.7, 
159,Monrovia,Los Angeles Basin,12/22/2019,0700,356,,N,0.00, ,0, ,5.1, ,52.6, ,38, ,27.8, ,2.2, ,7, ,54.5, 
159,Monrovia,Los Angeles Basin,12/22/2019,0800,356,,N,0.00, ,37, ,5.5, ,51.5, ,42, ,29.4, ,2.8, ,315, ,54.4, 
159,Monrovia,Los Angeles Basin,12/22/2019,0900,356,,N,0.00, ,196, ,5.8, ,53.4, ,42, ,30.6, ,2.7, ,30, ,54.3, 
159,Monrovia,Los Angeles Basin,12/22/2019,1000,356,,N,0.00, ,292, ,5.3, ,58.4, ,32, ,28.6, ,3.1, ,66, ,54.2, 
159,Monrovia,Los Angeles Basin,12/22/2019,1100,356,,N,0.00, ,831, ,5.7, ,61.5, ,30, ,30.1, ,3.1, ,277, ,54.2, 
159,Monrovia,Los Angeles Basin,12/22/2019,1200,356,,N,0.00, ,1079, ,5.1, ,65.4, ,24, ,27.5, ,2.7, ,211, ,54.3, 
159,Monrovia,Los Angeles Basin,12/22/2019,1300,356,,N,0.00, ,782, ,4.9, ,65.8, ,23, ,26.6, ,3.7, ,239, ,54.5, 
159,Monrovia,Los Angeles Basin,12/22/2019,1400,356,,N,0.00, ,693, ,5.1, ,66.1, ,23, ,27.7, ,3.3, ,276, ,54.8, 
159,Monrovia,Los Angeles Basin,12/22/2019,1500,356,,N,0.00, ,427, ,4.9, ,65.6, ,23, ,26.8, ,5.0, ,359, ,55.2, 
159,Monrovia,Los Angeles Basin,12/22/2019,1600,356,,N,0.00, ,164, ,5.5, ,64.1, ,27, ,29.5, ,5.0, ,355, ,55.6, 
159,Monrovia,Los Angeles Basin,12/22/2019,1700,356,,N,0.00, ,29, ,5.4, ,61.9, ,29, ,28.9, ,2.8, ,349, ,55.9, 
159,Monrovia,Los Angeles Basin,12/22/2019,1800,356,,N,0.00, ,0, ,6.0, ,59.2, ,35, ,31.6, ,2.5, ,342, ,56.1, 
159,Monrovia,Los Angeles Basin,12/22/2019,1900,356,,N,0.00, ,0, ,6.4, ,58.0, ,39, ,33.1, ,2.1, ,321, ,56.2, 
159,Monrovia,Los Angeles Basin,12/22/2019,2000,356,,N,0.00, ,0, ,5.9, ,59.5, ,34, ,31.0, ,3.3, ,336, ,56.2, 
159,Monrovia,Los Angeles Basin,12/22/2019,2100,356,,N,0.00, ,0, ,4.7, ,62.1,Y,25,Y,25.8,Y,4.7, ,333, ,56.2, 
159,Monrovia,Los Angeles Basin,12/22/2019,2200,356,,N,0.00, ,0, ,5.7, ,60.5,Y,32,Y,30.4,Y,3.6, ,330, ,56.2, 
159,Monrovia,Los Angeles Basin,12/22/2019,2300,356,,N,0.03, ,0, ,9.5, ,54.1, ,66, ,43.1, ,3.3, ,312, ,56.2, 
159,Monrovia,Los Angeles Basin,12/22/2019,2400,356,,N,0.09, ,0, ,10.1, ,51.8, ,77, ,44.9, ,3.2, ,309, ,56.1, 
159,Monrovia,Los Angeles Basin,12/23/2019,0100,357,,N,0.17, ,0, ,10.5, ,49.9, ,86, ,45.9, ,3.0, ,10, ,56.1, 
159,Monrovia,Los Angeles Basin,12/23/2019,0200,357,,N,0.06, ,0, ,8.8, ,52.9, ,64, ,41.1, ,6.2, ,39, ,56.0, 
159,Monrovia,Los Angeles Basin,12/23/2019,0300,357,,N,0.15, ,0, ,9.9, ,51.3, ,77, ,44.3, ,3.9, ,300, ,55.8, 
159,Monrovia,Los Angeles Basin,12/23/2019,0400,357,,N,0.31, ,0, ,10.9, ,49.6, ,91, ,46.9, ,2.8, ,301, ,55.3, 
159,Monrovia,Los Angeles Basin,12/23/2019,0500,357,,N,0.20, ,0, ,10.4, ,49.9, ,85, ,45.5, ,5.0, ,50, ,54.3, 
159,Monrovia,Los Angeles Basin,12/23/2019,0600,357,,N,0.08, ,0, ,9.6, ,50.4, ,77, ,43.5, ,4.9, ,45, ,53.9, 
159,Monrovia,Los Angeles Basin,12/23/2019,0700,357,,N,0.09, ,0, ,10.0, ,50.8, ,79, ,44.6, ,3.1, ,54, ,53.9, 
159,Monrovia,Los Angeles Basin,12/23/2019,0800,357,,N,0.09, ,5, ,10.3, ,49.7, ,85, ,45.4, ,4.1, ,80, ,53.9, 
159,Monrovia,Los Angeles Basin,12/23/2019,0900,357,,N,0.06, ,36, ,10.1, ,51.4, ,78, ,44.9, ,6.6, ,65, ,53.9, 
159,Monrovia,Los Angeles Basin,12/23/2019,1000,357,,N,0.00, ,97, ,10.2, ,51.8, ,77, ,45.0, ,4.6, ,77, ,53.9, 
159,Monrovia,Los Angeles Basin,12/23/2019,1100,357,,N,0.00, ,118, ,10.0, ,53.6, ,72, ,44.7, ,4.6, ,85, ,54.0, 
159,Monrovia,Los Angeles Basin,12/23/2019,1200,357,,N,0.01, ,134, ,10.1, ,53.8, ,72, ,44.9, ,5.6, ,81, ,54.1, 
159,Monrovia,Los Angeles Basin,12/23/2019,1300,357,,N,0.00, ,161, ,9.5, ,54.6, ,65, ,43.1, ,5.5, ,62, ,54.2, 
159,Monrovia,Los Angeles Basin,12/23/2019,1400,357,,N,0.00, ,158, ,9.9, ,53.5, ,71, ,44.3, ,5.5, ,43, ,54.3, 
159,Monrovia,Los Angeles Basin,12/23/2019,1500,357,,N,0.00, ,133, ,9.9, ,54.6, ,68, ,44.2, ,4.3, ,41, ,54.5, 
159,Monrovia,Los Angeles Basin,12/23/2019,1600,357,,N,0.02, ,47, ,10.6, ,53.3, ,76, ,46.0, ,3.4, ,60, ,54.6, 
159,Monrovia,Los Angeles Basin,12/23/2019,1700,357,,N,0.04, ,12, ,11.5, ,51.1, ,90, ,48.3, ,1.4, ,66, ,54.7, 
159,Monrovia,Los Angeles Basin,12/23/2019,1800,357,,N,0.04, ,0, ,11.8, ,50.6, ,94, ,49.0, ,2.7, ,67, ,54.8, 
159,Monrovia,Los Angeles Basin,12/23/2019,1900,357,,N,0.00, ,0, ,11.6, ,49.9, ,94, ,48.4, ,2.2, ,37, ,54.8, 
159,Monrovia,Los Angeles Basin,12/23/2019,2000,357,,N,0.00, ,0, ,11.1, ,48.5, ,95, ,47.2, ,1.5, ,318, ,54.8, 
159,Monrovia,Los Angeles Basin,12/23/2019,2100,357,,N,0.00, ,0, ,10.9, ,48.1, ,96, ,46.9, ,1.8, ,293, ,54.8, 
159,Monrovia,Los Angeles Basin,12/23/2019,2200,357,,N,0.00, ,0, ,10.8, ,47.8, ,95, ,46.6, ,1.3, ,11, ,54.8, 
159,Monrovia,Los Angeles Basin,12/23/2019,2300,357,,N,0.00, ,0, ,10.3, ,46.4, ,96, ,45.3, ,1.8, ,311, ,54.7, 
159,Monrovia,Los Angeles Basin,12/23/2019,2400,357,,N,0.00, ,0, ,9.8, ,45.1, ,96, ,44.0, ,1.4, ,346, ,54.6, 
159,Monrovia,Los Angeles Basin,12/24/2019,0100,358,,N,0.00, ,0, ,9.6, ,44.3, ,96, ,43.4, ,2.0, ,327, ,54.5, 
159,Monrovia,Los Angeles Basin,12/24/2019,0200,358,,N,0.00, ,0, ,9.7, ,44.5, ,97, ,43.6, ,1.8, ,338, ,54.4, 
159,Monrovia,Los Angeles Basin,12/24/2019,0300,358,,N,0.00, ,0, ,9.4, ,43.8, ,97, ,42.9, ,1.2, ,333, ,54.2, 
159,Monrovia,Los Angeles Basin,12/24/2019,0400,358,,N,0.00, ,0, ,9.3, ,43.3, ,97, ,42.5, ,1.3, ,328, ,54.1, 
159,Monrovia,Los Angeles Basin,12/24/2019,0500,358,,N,0.00, ,0, ,9.2, ,43.0, ,97, ,42.3, ,1.2, ,297, ,53.9, 
159,Monrovia,Los Angeles Basin,12/24/2019,0600,358,,N,0.00, ,0, ,9.0, ,42.5, ,97, ,41.9, ,1.3, ,330, ,53.8, 
159,Monrovia,Los Angeles Basin,12/24/2019,0700,358,,N,0.00, ,2, ,8.9, ,42.0, ,98, ,41.4, ,1.0,I,317, ,53.6, 
159,Monrovia,Los Angeles Basin,12/24/2019,0800,358,,N,0.00, ,189, ,9.2, ,43.0, ,98, ,42.4, ,1.0,I,331, ,53.5, 
159,Monrovia,Los Angeles Basin,12/24/2019,0900,358,,N,0.00, ,489, ,10.6, ,47.2, ,96, ,46.1, ,1.3, ,192, ,53.3, 
159,Monrovia,Los Angeles Basin,12/24/2019,1000,358,,N,0.00,Y,758, ,10.0, ,52.1, ,75, ,44.5, ,2.1, ,138, ,53.2, 
159,Monrovia,Los Angeles Basin,12/24/2019,1100,358,,N,0.00, ,984, ,9.7, ,55.5, ,65, ,43.9, ,2.7, ,136, ,53.2, 
159,Monrovia,Los Angeles Basin,12/24/2019,1200,358,,N,0.00, ,1115, ,9.6, ,56.5, ,62, ,43.6, ,4.1, ,148, ,53.3, 
159,Monrovia,Los Angeles Basin,12/24/2019,1300,358,,N,0.00, ,1121, ,9.3, ,57.7, ,57, ,42.6, ,4.1, ,184, ,53.7, 
159,Monrovia,Los Angeles Basin,12/24/2019,1400,358,,N,0.00, ,943, ,9.0, ,59.3, ,52, ,41.7, ,4.8, ,222, ,54.0, 
159,Monrovia,Los Angeles Basin,12/24/2019,1500,358,,N,0.00, ,847, ,9.1, ,59.5, ,52, ,42.0, ,6.9, ,250, ,54.5, 
159,Monrovia,Los Angeles Basin,12/24/2019,1600,358,,N,0.00, ,257, ,9.1, ,57.2, ,57, ,42.0, ,5.8, ,266, ,54.9, 
159,Monrovia,Los Angeles Basin,12/24/2019,1700,358,,N,0.00, ,47, ,9.6, ,55.2, ,65, ,43.6, ,4.7, ,262, ,55.3, 
159,Monrovia,Los Angeles Basin,12/24/2019,1800,358,,N,0.00, ,0, ,9.7, ,52.8, ,71, ,43.7, ,2.4, ,350, ,55.5, 
159,Monrovia,Los Angeles Basin,12/24/2019,1900,358,,N,0.00, ,0, ,10.1, ,50.3, ,81, ,44.8, ,1.7, ,18, ,55.7, 
159,Monrovia,Los Angeles Basin,12/24/2019,2000,358,,N,0.00, ,0, ,10.0, ,51.0, ,79, ,44.6, ,1.6, ,47, ,55.7, 
159,Monrovia,Los Angeles Basin,12/24/2019,2100,358,,N,0.00, ,0, ,10.0, ,49.8, ,82, ,44.4, ,1.5, ,19, ,55.6, 
159,Monrovia,Los Angeles Basin,12/24/2019,2200,358,,N,0.00, ,0, ,9.9, ,49.4, ,82, ,44.3, ,1.3, ,2, ,55.6, 
159,Monrovia,Los Angeles Basin,12/24/2019,2300,358,,N,0.00, ,0, ,9.9, ,50.3, ,79, ,44.2, ,1.7, ,67, ,55.5, 
159,Monrovia,Los Angeles Basin,12/24/2019,2400,358,,N,0.00, ,0, ,9.4, ,50.1, ,76, ,43.0, ,2.0, ,85, ,55.4, 
159,Monrovia,Los Angeles Basin,12/25/2019,0100,359,,N,0.00, ,0, ,9.3, ,49.1, ,78, ,42.6, ,1.2, ,26, ,55.3, 
159,Monrovia,Los Angeles Basin,12/25/2019,0200,359,,N,0.00, ,0, ,9.1, ,48.8, ,78, ,42.2, ,1.9, ,77, ,55.2, 
159,Monrovia,Los Angeles Basin,12/25/2019,0300,359,,N,0.00, ,0, ,8.7, ,49.1, ,73, ,41.0, ,2.6, ,62, ,55.1, 
159,Monrovia,Los Angeles Basin,12/25/2019,0400,359,,N,0.00, ,0, ,8.7, ,49.0, ,73, ,40.9, ,2.5, ,60, ,55.0, 
159,Monrovia,Los Angeles Basin,12/25/2019,0500,359,,N,0.00, ,0, ,9.2, ,47.9, ,81, ,42.5, ,2.1, ,7, ,54.9, 
159,Monrovia,Los Angeles Basin,12/25/2019,0600,359,,N,0.00, ,0, ,8.9, ,47.4, ,80, ,41.6, ,1.7, ,5, ,54.8, 
159,Monrovia,Los Angeles Basin,12/25/2019,0700,359,,N,0.00, ,2, ,9.0, ,45.9, ,85, ,41.7, ,1.4, ,353, ,54.7, 
159,Monrovia,Los Angeles Basin,12/25/2019,0800,359,,N,0.00, ,90, ,9.1, ,45.7, ,87, ,42.0, ,1.4, ,360, ,54.6, 
159,Monrovia,Los Angeles Basin,12/25/2019,0900,359,,N,0.00, ,374, ,8.9, ,49.9, ,73, ,41.5, ,3.4, ,25, ,54.5, 
159,Monrovia,Los Angeles Basin,12/25/2019,1000,359,,N,0.00, ,441, ,8.6, ,51.7, ,66, ,40.7, ,5.4, ,40, ,54.4, 
159,Monrovia,Los Angeles Basin,12/25/2019,1100,359,,N,0.00, ,283, ,9.1, ,52.2, ,68, ,42.0, ,4.1, ,24, ,54.4, 
159,Monrovia,Los Angeles Basin,12/25/2019,1200,359,,N,0.00, ,445, ,9.1, ,52.9, ,66, ,42.0, ,3.3, ,31, ,54.4, 
159,Monrovia,Los Angeles Basin,12/25/2019,1300,359,,N,0.00, ,427, ,9.0, ,53.4, ,65, ,41.9, ,3.6, ,19, ,54.6, 
159,Monrovia,Los Angeles Basin,12/25/2019,1400,359,,N,0.00, ,755, ,9.0, ,54.5, ,62, ,41.7, ,4.6, ,5, ,54.7, 
159,Monrovia,Los Angeles Basin,12/25/2019,1500,359,,N,0.00, ,227, ,8.4, ,54.5, ,58, ,39.9, ,3.5, ,0, ,54.9, 
159,Monrovia,Los Angeles Basin,12/25/2019,1600,359,,N,0.00, ,141, ,8.2, ,54.4, ,57, ,39.3, ,2.9, ,2, ,55.1, 
159,Monrovia,Los Angeles Basin,12/25/2019,1700,359,,N,0.00, ,24, ,8.4, ,53.6, ,60, ,40.1, ,3.1, ,347, ,55.3, 
159,Monrovia,Los Angeles Basin,12/25/2019,1800,359,,N,0.00, ,0, ,9.0, ,52.8, ,66, ,41.8, ,3.2, ,348, ,55.4, 
159,Monrovia,Los Angeles Basin,12/25/2019,1900,359,,N,0.00, ,0, ,9.4, ,52.3, ,70, ,43.0, ,3.7, ,349, ,55.4, 
159,Monrovia,Los Angeles Basin,12/25/2019,2000,359,,N,0.00, ,0, ,9.2, ,51.9, ,70, ,42.4, ,5.3, ,349, ,55.4, 
159,Monrovia,Los Angeles Basin,12/25/2019,2100,359,,N,0.00, ,0, ,8.9, ,52.0, ,67, ,41.4, ,6.1, ,346, ,55.4, 
159,Monrovia,Los Angeles Basin,12/25/2019,2200,359,,N,0.05, ,0, ,9.3, ,51.1, ,73, ,42.8, ,6.7, ,360, ,55.3, 
159,Monrovia,Los Angeles Basin,12/25/2019,2300,359,,N,0.25, ,0, ,10.4, ,48.8, ,88, ,45.5, ,5.0, ,27, ,55.2, 
159,Monrovia,Los Angeles Basin,12/25/2019,2400,359,,N,0.31, ,0, ,10.4, ,48.1, ,91, ,45.6, ,7.0, ,29, ,54.2, 
159,Monrovia,Los Angeles Basin,12/26/2019,0100,360,,N,0.51, ,0, ,10.2, ,47.7, ,91, ,45.1, ,6.4, ,55, ,52.8, 
159,Monrovia,Los Angeles Basin,12/26/2019,0200,360,,N,0.44, ,0, ,9.8, ,46.4, ,91, ,44.0, ,7.9, ,63, ,52.6, 
159,Monrovia,Los Angeles Basin,12/26/2019,0300,360,,N,0.38, ,0, ,9.0, ,44.2, ,91, ,41.7, ,6.3, ,54, ,52.7, 
159,Monrovia,Los Angeles Basin,12/26/2019,0400,360,,N,0.43, ,0, ,8.4, ,42.6, ,91, ,40.0, ,4.3, ,35, ,52.7, 
159,Monrovia,Los Angeles Basin,12/26/2019,0500,360,,N,0.33, ,0, ,7.8, ,41.6, ,87, ,38.0, ,8.3, ,54, ,52.6, 
159,Monrovia,Los Angeles Basin,12/26/2019,0600,360,,N,0.02, ,0, ,7.5, ,43.2, ,79, ,37.2, ,9.8, ,58, ,52.4, 
159,Monrovia,Los Angeles Basin,12/26/2019,0700,360,,N,0.01, ,0, ,7.6, ,45.3, ,74, ,37.5, ,6.1, ,65, ,52.3, 
159,Monrovia,Los Angeles Basin,12/26/2019,0800,360,,N,0.00, ,18, ,7.7, ,45.4, ,75, ,37.8, ,7.6, ,53, ,52.1, 
159,Monrovia,Los Angeles Basin,12/26/2019,0900,360,,N,0.02, ,116, ,7.9, ,45.5, ,76, ,38.3, ,6.8, ,59, ,52.1, 
159,Monrovia,Los Angeles Basin,12/26/2019,1000,360,,N,0.00, ,191, ,8.0, ,47.2, ,73, ,38.9, ,5.7, ,52, ,52.0, 
159,Monrovia,Los Angeles Basin,12/26/2019,1100,360,,N,0.00, ,307, ,8.3, ,49.0, ,70, ,39.8, ,4.1, ,54, ,52.0, 
159,Monrovia,Los Angeles Basin,12/26/2019,1200,360,,N,0.00, ,194, ,9.0, ,47.7, ,80, ,41.8, ,3.8, ,69, ,52.0, 
159,Monrovia,Los Angeles Basin,12/26/2019,1300,360,,N,0.00, ,370, ,9.3, ,47.3,Y,84,Y,42.7,Y,3.9, ,54, ,52.1, 
159,Monrovia,Los Angeles Basin,12/26/2019,1400,360,,N,0.00, ,613, ,9.2, ,48.8, ,78, ,42.3, ,4.6, ,53, ,52.2, 
159,Monrovia,Los Angeles Basin,12/26/2019,1500,360,,N,0.00, ,441, ,8.7, ,50.3, ,70, ,40.9, ,3.5, ,44, ,52.4, 
159,Monrovia,Los Angeles Basin,12/26/2019,1600,360,,N,0.00, ,182, ,8.7, ,50.4, ,70, ,41.0, ,2.6, ,48, ,52.5, 
159,Monrovia,Los Angeles Basin,12/26/2019,1700,360,,N,0.00, ,110, ,8.4, ,50.8, ,67, ,40.1, ,2.6, ,42, ,52.8, 
159,Monrovia,Los Angeles Basin,12/26/2019,1800,360,,N,0.00, ,1, ,9.2, ,48.2, ,80, ,42.3, ,2.0, ,341, ,53.0, 
159,Monrovia,Los Angeles Basin,12/26/2019,1900,360,,N,0.00, ,0, ,8.8, ,45.4, ,85, ,41.2, ,1.4, ,349, ,53.1, 
159,Monrovia,Los Angeles Basin,12/26/2019,2000,360,,N,0.00, ,0, ,8.3, ,44.2, ,84, ,39.6, ,2.4, ,325, ,53.1, 
159,Monrovia,Los Angeles Basin,12/26/2019,2100,360,,N,0.00, ,0, ,8.3, ,44.2, ,84, ,39.8, ,1.7, ,342, ,53.2, 
159,Monrovia,Los Angeles Basin,12/26/2019,2200,360,,N,0.00, ,0, ,8.4, ,44.0, ,86, ,40.1, ,1.5, ,333, ,53.1, 
159,Monrovia,Los Angeles Basin,12/26/2019,2300,360,,N,0.00, ,0, ,8.3, ,43.3, ,87, ,39.8, ,1.2, ,349, ,53.0, 
159,Monrovia,Los Angeles Basin,12/26/2019,2400,360,,N,0.00, ,0, ,8.1, ,42.2, ,89, ,39.2, ,1.8, ,330, ,52.9, 
159,Monrovia,Los Angeles Basin,12/27/2019,0100,361,,N,0.00, ,0, ,8.0, ,41.8, ,89, ,38.9, ,2.6, ,1, ,52.8, 
159,Monrovia,Los Angeles Basin,12/27/2019,0200,361,,N,0.00, ,0, ,7.9, ,43.0, ,84, ,38.6, ,1.8, ,335, ,52.7, 
159,Monrovia,Los Angeles Basin,12/27/2019,0300,361,,N,0.00, ,0, ,7.9, ,42.4, ,86, ,38.4, ,2.0, ,325, ,52.6, 
159,Monrovia,Los Angeles Basin,12/27/2019,0400,361,,N,0.00, ,0, ,7.7, ,40.7, ,89, ,37.7, ,1.8, ,347, ,52.4, 
159,Monrovia,Los Angeles Basin,12/27/2019,0500,361,,N,0.00, ,0, ,7.5, ,39.3, ,92, ,37.2, ,1.9, ,323, ,52.3, 
159,Monrovia,Los Angeles Basin,12/27/2019,0600,361,,N,0.00, ,0, ,7.4, ,38.9, ,92, ,36.7, ,1.9, ,328, ,52.2, 
159,Monrovia,Los Angeles Basin,12/27/2019,0700,361,,N,0.00, ,2, ,7.4, ,38.9, ,92, ,36.6, ,1.9, ,345, ,52.0, 
159,Monrovia,Los Angeles Basin,12/27/2019,0800,361,,N,0.00, ,153, ,7.6, ,39.9, ,90, ,37.3, ,1.6, ,329, ,51.9, 
159,Monrovia,Los Angeles Basin,12/27/2019,0900,361,,N,0.00, ,467, ,7.9, ,46.4, ,74, ,38.4, ,1.6, ,192, ,51.7, 
159,Monrovia,Los Angeles Basin,12/27/2019,1000,361,,N,0.00, ,765, ,7.7, ,52.7, ,57, ,37.9, ,3.3, ,123, ,51.6, 
159,Monrovia,Los Angeles Basin,12/27/2019,1100,361,,N,0.00, ,989, ,8.0, ,55.4, ,53, ,38.7, ,4.7, ,156, ,51.5, 
159,Monrovia,Los Angeles Basin,12/27/2019,1200,361,,N,0.00, ,1101, ,8.0, ,56.5, ,51, ,38.6, ,4.9, ,240, ,51.6, 
159,Monrovia,Los Angeles Basin,12/27/2019,1300,361,,N,0.00, ,1089, ,7.7, ,57.8, ,47, ,37.8, ,4.0, ,288, ,51.8, 
159,Monrovia,Los Angeles Basin,12/27/2019,1400,361,,N,0.00, ,957, ,6.7, ,58.7, ,40, ,34.3, ,4.1, ,268, ,52.2, 
159,Monrovia,Los Angeles Basin,12/27/2019,1500,361,,N,0.00, ,711, ,6.2, ,59.5, ,36, ,32.4, ,4.0, ,294, ,52.6, 
159,Monrovia,Los Angeles Basin,12/27/2019,1600,361,,N,0.00, ,385, ,5.9, ,59.9, ,34, ,31.3, ,2.6, ,312, ,53.0, 
159,Monrovia,Los Angeles Basin,12/27/2019,1700,361,,N,0.00, ,73, ,6.6, ,58.2, ,40, ,33.9, ,1.8, ,355, ,53.3, 
159,Monrovia,Los Angeles Basin,12/27/2019,1800,361,,N,0.00, ,0, ,7.7, ,52.4, ,58, ,37.9, ,2.7, ,345, ,53.6, 
159,Monrovia,Los Angeles Basin,12/27/2019,1900,361,,N,0.00, ,0, ,8.3, ,48.8, ,70, ,39.6, ,2.6, ,360, ,53.7, 
159,Monrovia,Los Angeles Basin,12/27/2019,2000,361,,N,0.00, ,0, ,8.5, ,46.6, ,79, ,40.4, ,1.6, ,10, ,53.8, 
159,Monrovia,Los Angeles Basin,12/27/2019,2100,361,,N,0.00, ,0, ,8.5, ,45.2, ,83, ,40.5, ,1.9, ,357, ,53.8, 
159,Monrovia,Los Angeles Basin,12/27/2019,2200,361,,N,0.00, ,0, ,8.5, ,45.0, ,83, ,40.2, ,1.9, ,358, ,53.7, 
159,Monrovia,Los Angeles Basin,12/27/2019,2300,361,,N,0.00, ,0, ,8.2, ,44.2, ,83, ,39.4, ,2.3, ,354, ,53.6, 
159,Monrovia,Los Angeles Basin,12/27/2019,2400,361,,N,0.00, ,0, ,8.0, ,43.1, ,84, ,38.7, ,1.7, ,359, ,53.5, 
159,Monrovia,Los Angeles Basin,12/28/2019,0100,362,,N,0.00, ,0, ,7.8, ,42.5, ,84, ,38.0, ,1.6, ,341, ,53.3, 
159,Monrovia,Los Angeles Basin,12/28/2019,0200,362,,N,0.00, ,0, ,7.5, ,40.8, ,87, ,37.2, ,1.6, ,354, ,53.2, 
159,Monrovia,Los Angeles Basin,12/28/2019,0300,362,,N,0.00, ,0, ,7.4, ,40.3, ,88, ,36.9, ,1.6, ,342, ,53.0, 
159,Monrovia,Los Angeles Basin,12/28/2019,0400,362,,N,0.00, ,0, ,7.2, ,39.8, ,87, ,36.2, ,2.3, ,353, ,52.8, 
159,Monrovia,Los Angeles Basin,12/28/2019,0500,362,,N,0.00, ,0, ,7.1, ,39.1, ,88, ,35.8, ,2.1, ,344, ,52.6, 
159,Monrovia,Los Angeles Basin,12/28/2019,0600,362,,N,0.00, ,0, ,6.9, ,37.9, ,89, ,34.9, ,1.7, ,333, ,52.4, 
159,Monrovia,Los Angeles Basin,12/28/2019,0700,362,,N,0.00, ,2, ,6.8, ,37.2, ,90, ,34.5, ,1.7, ,350, ,52.2, 
159,Monrovia,Los Angeles Basin,12/28/2019,0800,362,,N,0.00, ,135, ,7.0, ,38.8, ,88, ,35.4, ,2.0, ,347, ,52.0, 
159,Monrovia,Los Angeles Basin,12/28/2019,0900,362,,N,0.00, ,414, ,7.5, ,47.6, ,66, ,37.0, ,1.6, ,124, ,51.8, 
159,Monrovia,Los Angeles Basin,12/28/2019,1000,362,,N,0.00, ,754, ,6.8, ,52.2, ,51, ,34.7, ,2.2, ,242, ,51.6, 
159,Monrovia,Los Angeles Basin,12/28/2019,1100,362,,N,0.00, ,980, ,8.5, ,55.2, ,57, ,40.3, ,3.1, ,311, ,51.6, 
159,Monrovia,Los Angeles Basin,12/28/2019,1200,362,,N,0.00, ,1147, ,9.7, ,55.7, ,64, ,43.7, ,4.1, ,270, ,51.6, 
159,Monrovia,Los Angeles Basin,12/28/2019,1300,362,,N,0.00, ,1080, ,9.4, ,57.2, ,59, ,42.9, ,3.9, ,328, ,51.9, 
159,Monrovia,Los Angeles Basin,12/28/2019,1400,362,,N,0.00, ,950, ,8.8, ,58.3, ,53, ,41.3, ,3.6, ,301, ,52.2, 
159,Monrovia,Los Angeles Basin,12/28/2019,1500,362,,N,0.00, ,709, ,8.3, ,59.3, ,48, ,39.7, ,3.7, ,269, ,52.6, 
159,Monrovia,Los Angeles Basin,12/28/2019,1600,362,,N,0.00, ,372, ,8.0, ,59.2, ,47, ,38.8, ,3.6, ,327, ,53.0, 
159,Monrovia,Los Angeles Basin,12/28/2019,1700,362,,N,0.00, ,68, ,8.1, ,57.5, ,50, ,39.2, ,2.1, ,349, ,53.4, 
159,Monrovia,Los Angeles Basin,12/28/2019,1800,362,,N,0.00, ,0, ,9.0, ,52.8, ,66, ,41.7, ,2.4, ,347, ,53.7, 
159,Monrovia,Los Angeles Basin,12/28/2019,1900,362,,N,0.00, ,0, ,8.9, ,49.7, ,73, ,41.5, ,2.6, ,0, ,53.8, 
159,Monrovia,Los Angeles Basin,12/28/2019,2000,362,,N,0.00, ,0, ,9.3, ,48.7, ,80, ,42.8, ,2.0, ,8, ,53.9, 
159,Monrovia,Los Angeles Basin,12/28/2019,2100,362,,N,0.00, ,0, ,9.5, ,47.7, ,85, ,43.3, ,1.9, ,349, ,53.9, 
159,Monrovia,Los Angeles Basin,12/28/2019,2200,362,,N,0.00, ,0, ,9.4, ,46.8, ,87, ,43.0, ,1.6, ,1, ,53.9, 
159,Monrovia,Los Angeles Basin,12/28/2019,2300,362,,N,0.00, ,0, ,9.5, ,45.9, ,90, ,43.1, ,1.5, ,359, ,53.8, 
159,Monrovia,Los Angeles Basin,12/28/2019,2400,362,,N,0.00, ,0, ,9.4, ,45.3, ,91, ,42.9, ,1.2, ,8, ,53.7, 
159,Monrovia,Los Angeles Basin,12/29/2019,0100,363,,N,0.00, ,0, ,9.2, ,44.4, ,92, ,42.3, ,1.1, ,25, ,53.5, 
159,Monrovia,Los Angeles Basin,12/29/2019,0200,363,,N,0.00, ,0, ,9.0, ,43.7, ,92, ,41.7, ,1.1, ,2, ,53.4, 
159,Monrovia,Los Angeles Basin,12/29/2019,0300,363,,N,0.00, ,0, ,8.8, ,42.9, ,93, ,41.1, ,1.7, ,338, ,53.3, 
159,Monrovia,Los Angeles Basin,12/29/2019,0400,363,,N,0.00, ,0, ,8.4, ,41.9, ,93, ,40.1, ,1.9, ,321, ,53.1, 
159,Monrovia,Los Angeles Basin,12/29/2019,0500,363,,N,0.00, ,0, ,8.2, ,41.1, ,94, ,39.5, ,1.2, ,331, ,52.9, 
159,Monrovia,Los Angeles Basin,12/29/2019,0600,363,,N,0.00, ,0, ,8.1, ,40.6, ,95, ,39.2, ,1.7, ,3, ,52.8, 
159,Monrovia,Los Angeles Basin,12/29/2019,0700,363,,N,0.00, ,4, ,8.1, ,40.7, ,95, ,39.2, ,1.2, ,16, ,52.6, 
159,Monrovia,Los Angeles Basin,12/29/2019,0800,363,,N,0.00, ,126, ,8.5, ,42.3, ,92, ,40.2, ,1.3, ,353, ,52.4, 
159,Monrovia,Los Angeles Basin,12/29/2019,0900,363,,N,0.00, ,380, ,8.8, ,47.5, ,78, ,41.1, ,1.4, ,305, ,52.3, 
159,Monrovia,Los Angeles Basin,12/29/2019,1000,363,,N,0.00, ,476, ,7.7, ,51.0, ,61, ,37.9, ,4.1, ,26, ,52.2, 
159,Monrovia,Los Angeles Basin,12/29/2019,1100,363,,N,0.00, ,785, ,7.0, ,54.8, ,48, ,35.5, ,4.9, ,62, ,52.1, 
159,Monrovia,Los Angeles Basin,12/29/2019,1200,363,,N,0.00, ,759, ,6.6, ,56.7, ,42, ,34.0, ,4.0, ,9, ,52.2, 
159,Monrovia,Los Angeles Basin,12/29/2019,1300,363,,N,0.00, ,839, ,6.7, ,58.0, ,41, ,34.3, ,3.3, ,286, ,52.3, 
159,Monrovia,Los Angeles Basin,12/29/2019,1400,363,,N,0.00, ,829, ,7.1, ,59.0, ,42, ,35.8, ,3.3, ,300, ,52.6, 
159,Monrovia,Los Angeles Basin,12/29/2019,1500,363,,N,0.00, ,493, ,7.8, ,58.8, ,46, ,38.1, ,3.1, ,329, ,52.9, 
159,Monrovia,Los Angeles Basin,12/29/2019,1600,363,,N,0.00, ,167, ,8.2, ,58.2, ,50, ,39.5, ,2.7, ,286, ,53.2, 
159,Monrovia,Los Angeles Basin,12/29/2019,1700,363,,N,0.00, ,56, ,8.8, ,57.1, ,55, ,41.2, ,1.7, ,329, ,53.5, 
159,Monrovia,Los Angeles Basin,12/29/2019,1800,363,,N,0.00, ,0, ,9.2, ,53.3, ,66, ,42.3, ,1.9, ,358, ,53.7, 
159,Monrovia,Los Angeles Basin,12/29/2019,1900,363,,N,0.00, ,0, ,9.0, ,51.7, ,69, ,41.7, ,1.9, ,12, ,53.9, 
159,Monrovia,Los Angeles Basin,12/29/2019,2000,363,,N,0.00, ,0, ,9.0, ,50.1, ,73, ,41.8, ,2.2, ,6, ,54.0, 
159,Monrovia,Los Angeles Basin,12/29/2019,2100,363,,N,0.00, ,0, ,9.1, ,49.1, ,77, ,42.1, ,1.7, ,346, ,54.0, 
159,Monrovia,Los Angeles Basin,12/29/2019,2200,363,,N,0.00, ,0, ,9.2, ,48.7, ,79, ,42.4, ,1.9, ,351, ,54.0, 
159,Monrovia,Los Angeles Basin,12/29/2019,2300,363,,N,0.00, ,0, ,9.2, ,47.8, ,81, ,42.3, ,1.7, ,12, ,54.0, 
159,Monrovia,Los Angeles Basin,12/29/2019,2400,363,,N,0.00, ,0, ,9.3, ,47.8, ,83, ,42.8, ,2.2, ,353, ,53.9, 
159,Monrovia,Los Angeles Basin,12/30/2019,0100,364,,N,0.00, ,0, ,9.5, ,47.8, ,83, ,43.1, ,1.9, ,350, ,53.8, 
159,Monrovia,Los Angeles Basin,12/30/2019,0200,364,,N,0.00, ,0, ,9.4, ,47.8, ,83, ,42.9, ,1.4, ,335, ,53.7, 
159,Monrovia,Los Angeles Basin,12/30/2019,0300,364,,N,0.00, ,0, ,9.3, ,48.2, ,81, ,42.7, ,2.0, ,350, ,53.7, 
159,Monrovia,Los Angeles Basin,12/30/2019,0400,364,,N,0.00, ,0, ,8.3, ,49.8, ,68, ,39.6, ,4.7, ,30, ,53.6, 
159,Monrovia,Los Angeles Basin,12/30/2019,0500,364,,N,0.00, ,0, ,8.3, ,49.0, ,70, ,39.7, ,2.4, ,314, ,53.5, 
159,Monrovia,Los Angeles Basin,12/30/2019,0600,364,,N,0.00, ,0, ,8.7, ,47.2, ,78, ,40.8, ,1.9, ,359, ,53.5, 
159,Monrovia,Los Angeles Basin,12/30/2019,0700,364,,N,0.00, ,0, ,8.6, ,47.4, ,77, ,40.5, ,2.2, ,5, ,53.4, 
159,Monrovia,Los Angeles Basin,12/30/2019,0800,364,,N,0.00, ,42, ,7.6, ,49.2, ,64, ,37.6, ,2.3, ,10, ,53.3, 
159,Monrovia,Los Angeles Basin,12/30/2019,0900,364,,N,0.00, ,150, ,7.7, ,50.5, ,62, ,37.8, ,1.6, ,339, ,53.3, 
159,Monrovia,Los Angeles Basin,12/30/2019,1000,364,,N,0.00, ,258, ,7.6, ,51.9, ,58, ,37.6, ,3.5, ,292, ,53.2, 
159,Monrovia,Los Angeles Basin,12/30/2019,1100,364,,N,0.00, ,630, ,7.5, ,54.5, ,51, ,37.0, ,3.8, ,263, ,53.2, 
159,Monrovia,Los Angeles Basin,12/30/2019,1200,364,,N,0.00, ,387, ,7.2, ,56.1, ,47, ,36.1, ,3.3, ,279, ,53.3, 
159,Monrovia,Los Angeles Basin,12/30/2019,1300,364,,N,0.00, ,520, ,6.5, ,56.8, ,41, ,33.6, ,2.8, ,292, ,53.4, 
159,Monrovia,Los Angeles Basin,12/30/2019,1400,364,,N,0.00, ,885, ,6.9, ,59.0, ,40, ,34.9, ,3.1, ,311, ,53.5, 
159,Monrovia,Los Angeles Basin,12/30/2019,1500,364,,N,0.00, ,798, ,7.1, ,60.5, ,40, ,35.8, ,3.3, ,328, ,53.7, 
159,Monrovia,Los Angeles Basin,12/30/2019,1600,364,,N,0.00, ,350, ,7.0, ,61.1, ,38, ,35.3, ,3.0, ,301, ,54.0, 
159,Monrovia,Los Angeles Basin,12/30/2019,1700,364,,N,0.00, ,89, ,6.9, ,59.8, ,40, ,35.2, ,2.5, ,319, ,54.3, 
159,Monrovia,Los Angeles Basin,12/30/2019,1800,364,,N,0.00, ,0, ,8.4, ,55.3, ,56, ,40.0, ,2.4, ,1, ,54.5, 
159,Monrovia,Los Angeles Basin,12/30/2019,1900,364,,N,0.00, ,0, ,8.2, ,53.4, ,59, ,39.4, ,2.5, ,359, ,54.7, 
159,Monrovia,Los Angeles Basin,12/30/2019,2000,364,,N,0.00, ,0, ,7.9, ,52.1, ,59, ,38.3, ,2.8, ,1, ,54.8, 
159,Monrovia,Los Angeles Basin,12/30/2019,2100,364,,N,0.00, ,1, ,8.0, ,51.5, ,61, ,38.7, ,2.3, ,358, ,54.8, 
159,Monrovia,Los Angeles Basin,12/30/2019,2200,364,,N,0.00, ,1, ,7.8, ,52.2, ,58, ,38.1, ,2.9, ,358, ,54.7, 
159,Monrovia,Los Angeles Basin,12/30/2019,2300,364,,N,0.00, ,1, ,7.6, ,52.6, ,56, ,37.5, ,2.3, ,356, ,54.7, 
159,Monrovia,Los Angeles Basin,12/30/2019,2400,364,,N,0.00, ,1, ,7.5, ,52.4, ,56, ,37.2, ,3.0, ,353, ,54.6, 
159,Monrovia,Los Angeles Basin,12/31/2019,0100,365,,N,0.00, ,0, ,6.0, ,58.8,Y,35,Y,31.6,Y,4.6, ,356, ,54.5, 
159,Monrovia,Los Angeles Basin,12/31/2019,0200,365,,N,0.00, ,0, ,5.3, ,62.1,Y,28,Y,28.6,Y,6.6, ,358, ,54.5, 
159,Monrovia,Los Angeles Basin,12/31/2019,0300,365,,N,0.00, ,0, ,5.6, ,60.1,Y,31,Y,29.7,Y,5.4, ,339, ,54.4, 
159,Monrovia,Los Angeles Basin,12/31/2019,0400,365,,N,0.00, ,0, ,5.1, ,63.0,Y,26,Y,27.7,Y,9.3, ,358, ,54.3, 
159,Monrovia,Los Angeles Basin,12/31/2019,0500,365,,N,0.00, ,0, ,5.0, ,63.4,R,25,R,26.9,R,10.9, ,1, ,54.2, 
159,Monrovia,Los Angeles Basin,12/31/2019,0600,365,,N,0.00, ,0, ,4.7, ,63.6,R,23,R,25.7,R,11.0, ,356, ,54.2, 
159,Monrovia,Los Angeles Basin,12/31/2019,0700,365,,N,0.00, ,1, ,4.7, ,63.0,Y,24,Y,25.5,Y,8.4, ,350, ,54.1, 
159,Monrovia,Los Angeles Basin,12/31/2019,0800,365,,N,0.00, ,117, ,5.4, ,59.3, ,31, ,28.8, ,4.0, ,302, ,54.1, 
159,Monrovia,Los Angeles Basin,12/31/2019,0900,365,,N,0.00, ,441, ,5.8, ,60.7, ,32, ,30.8, ,2.6, ,313, ,54.0, 
159,Monrovia,Los Angeles Basin,12/31/2019,1000,365,,N,0.00, ,750, ,5.9, ,62.5, ,30, ,31.0, ,5.3, ,309, ,54.0, 
159,Monrovia,Los Angeles Basin,12/31/2019,1100,365,,N,0.00, ,954, ,6.0, ,65.2, ,28, ,31.6, ,5.5, ,294, ,54.0, 
159,Monrovia,Los Angeles Basin,12/31/2019,1200,365,,N,0.00, ,1101, ,6.0, ,67.1, ,27, ,31.6, ,4.5, ,304, ,54.1, 
159,Monrovia,Los Angeles Basin,12/31/2019,1300,365,,N,0.00, ,1096, ,5.9, ,68.0, ,25, ,31.3, ,5.3, ,331, ,54.3, 
159,Monrovia,Los Angeles Basin,12/31/2019,1400,365,,N,0.00, ,960, ,5.9, ,69.0, ,24, ,31.0, ,4.8, ,305, ,54.6, 
159,Monrovia,Los Angeles Basin,12/31/2019,1500,365,,N,0.00, ,717, ,6.0, ,70.4, ,24, ,31.5, ,3.5, ,324, ,54.9, 
159,Monrovia,Los Angeles Basin,12/31/2019,1600,365,,N,0.00, ,394, ,6.0, ,70.4, ,24, ,31.6, ,3.0, ,301, ,55.2, 
159,Monrovia,Los Angeles Basin,12/31/2019,1700,365,,N,0.00, ,86, ,6.5, ,67.9, ,28, ,33.4, ,2.4, ,332, ,55.5, 
159,Monrovia,Los Angeles Basin,12/31/2019,1800,365,,N,0.00, ,0, ,7.7, ,60.0, ,43, ,37.7, ,3.0, ,360, ,55.8, 
159,Monrovia,Los Angeles Basin,12/31/2019,1900,365,,N,0.00, ,0, ,7.4, ,56.9, ,47, ,36.8, ,2.5, ,0, ,55.9, 
159,Monrovia,Los Angeles Basin,12/31/2019,2000,365,,N,0.00, ,0, ,7.4, ,54.7, ,51, ,36.7, ,2.8, ,357, ,56.0, 
159,Monrovia,Los Angeles Basin,12/31/2019,2100,365,,N,0.00, ,0, ,7.2, ,53.2, ,52, ,36.1, ,1.9, ,356, ,56.0, 
159,Monrovia,Los Angeles Basin,12/31/2019,2200,365,,N,0.00, ,1, ,7.2, ,51.6, ,55, ,35.9, ,1.0,I,3, ,55.9, 
159,Monrovia,Los Angeles Basin,12/31/2019,2300,365,,N,0.00, ,0, ,7.3, ,48.9, ,62, ,36.3, ,1.0,I,10, ,55.7, 
159,Monrovia,Los Angeles Basin,12/31/2019,2400,365,,N,0.00, ,0, ,7.3, ,46.8, ,67, ,36.4, ,2.0, ,0, ,55.6, 
                                                                                                                                                                                                                                                                                                                                                                                                                                                                                                                                                                                                                                                                                                                                                                                                                                                                                                                                                                                                                                                                